{
	"$schema": "https://schema.management.azure.com/schemas/2015-01-01/deploymentParameters.json#",
	"contentVersion": "1.0.0.0",
	"parameters": {
		"factoryName": {
			"value": "edm-sbx-sea-adf"
		},
		"LS_EDMP_Azure_Sql_connectionString": {
			"value": ""
		},
		"LS_EDMP_Azure_Synapse_connectionString": {
			"value": ""
		},
		"LS_EDMP_Azure_Blob_properties_typeProperties_serviceEndpoint": {
			"value": "https://edmsbxsealandsa.blob.core.windows.net"
		},
		"LS_EDMP_Azure_DataLake_properties_typeProperties_url": {
			"value": "https://edmsbxseadlk.dfs.core.windows.net"
		},
		"LS_EDMP_KeyVault_properties_typeProperties_baseUrl": {
			"value": "https://shared-sbx-sea-keyvault.vault.azure.net/"
		},
		"TRG_EDMP_DataRecon_properties_PL_EDMP_Realtime_Data_Recon_parameters_ControlFilePath": {
			"value": "@triggerBody().folderPath"
		},
		"TRG_EDMP_DataRecon_properties_PL_EDMP_Realtime_Data_Recon_parameters_ControlFileName": {
			"value": "@triggerBody().fileName"
		},
		"TRG_EDMP_DataRecon_properties_typeProperties_scope": {
			"value": "/subscriptions/e87cf38c-8f6f-4cb2-a8ec-886a94bc28d5/resourceGroups/edm-sbx-sea-rg/providers/Microsoft.Storage/storageAccounts/edmsbxseadlk"
		},
		"TRG_EDMP_IsdParser_properties_PL_EDMP_Realtime_Isd_Parser_parameters_IsdFilePath": {
			"value": "@triggerBody().folderPath"
		},
		"TRG_EDMP_IsdParser_properties_PL_EDMP_Realtime_Isd_Parser_parameters_IsdFileName": {
			"value": "@triggerBody().fileName"
		},
		"TRG_EDMP_IsdParser_properties_typeProperties_scope": {
			"value": "/subscriptions/e87cf38c-8f6f-4cb2-a8ec-886a94bc28d5/resourceGroups/edm-sbx-sea-rg/providers/Microsoft.Storage/storageAccounts/edmsbxseadlk"
		},
		"TRG_EDMP_Landing_Raw_properties_PL_EDMP_BatchIngestion_LandingtoRaw_parameters_filename": {
			"value": "@triggerBody().fileName"
		},
		"TRG_EDMP_Landing_Raw_properties_PL_EDMP_BatchIngestion_LandingtoRaw_parameters_filepath": {
			"value": "@triggerBody().folderPath"
		},
		"TRG_EDMP_Landing_Raw_properties_PL_EDMP_BatchIngestion_LandingtoRaw_parameters_ConfigFileName": {
			"value": "scb_env_config.json"
		},
		"TRG_EDMP_Landing_Raw_properties_PL_EDMP_BatchIngestion_LandingtoRaw_parameters_ConfigFileSystem": {
			"value": "raw"
		},
		"TRG_EDMP_Landing_Raw_properties_PL_EDMP_BatchIngestion_LandingtoRaw_parameters_FrequencyDurationUnit": {
			"value": "Day"
		},
		"TRG_EDMP_Landing_Raw_properties_typeProperties_scope": {
			"value": "/subscriptions/e87cf38c-8f6f-4cb2-a8ec-886a94bc28d5/resourceGroups/edm-sbx-sea-rg/providers/Microsoft.Storage/storageAccounts/edmsbxsealandsa"
		},
		"TRG_EDMP_Process_Landing_Files_properties_PL_EDMP_BatchIngestion_ProcessLandingFiles_parameters_FilePath": {
			"value": "@triggerBody().folderPath"
		},
		"TRG_EDMP_Process_Landing_Files_properties_PL_EDMP_BatchIngestion_ProcessLandingFiles_parameters_FileName": {
			"value": "@triggerBody().fileName"
		},
		"TRG_EDMP_Process_Landing_Files_properties_typeProperties_scope": {
			"value": "/subscriptions/e87cf38c-8f6f-4cb2-a8ec-886a94bc28d5/resourceGroups/edm-sbx-sea-rg/providers/Microsoft.Storage/storageAccounts/edmsbxsealandsa"
		},
		"TRG_EDMP_Raw_Standardized_properties_PL_EDMP_BatchIngestion_RawToStandardized_parameters_FrequencyDurationUnit": {
			"value": "Day"
		},
		"TRG_EDMP_Raw_Standardized_properties_PL_EDMP_BatchIngestion_RawToStandardized_parameters_ConfigFileSystem": {
			"value": "raw"
		},
		"TRG_EDMP_Raw_Standardized_properties_PL_EDMP_BatchIngestion_RawToStandardized_parameters_ConfigFileName": {
			"value": "scb_env_config.json"
		},
		"TRG_EDMP_SchemaParseRegister_properties_PL_EDMP_Realtime_Schema_Parser_parameters_SchemaFilePath": {
			"value": "@triggerBody().folderPath"
		},
		"TRG_EDMP_SchemaParseRegister_properties_PL_EDMP_Realtime_Schema_Parser_parameters_SchemaFileName": {
			"value": "@triggerBody().fileName"
		},
		"TRG_EDMP_SchemaParseRegister_properties_typeProperties_scope": {
			"value": "/subscriptions/e87cf38c-8f6f-4cb2-a8ec-886a94bc28d5/resourceGroups/edm-sbx-sea-rg/providers/Microsoft.Storage/storageAccounts/edmsbxseadlk"
		},
		"TRG_EDMP_Raw_Standardized_CDC_properties_PL_EDMP_BatchIngestion_RawToStandardized_CDC_parameters_FrequencyDurationUnit": {
			"value": "Day"
		},
		"TRG_EDMP_Raw_Standardized_CDC_properties_PL_EDMP_BatchIngestion_RawToStandardized_CDC_parameters_ConfigFileSystem": {
			"value": "raw"
		},
		"TRG_EDMP_Raw_Standardized_CDC_properties_PL_EDMP_BatchIngestion_RawToStandardized_CDC_parameters_ConfigFileName": {
			"value": "sc_env_config.json"
		}
	}
}