{
	"$schema": "http://schema.management.azure.com/schemas/2015-01-01/deploymentTemplate.json#",
	"contentVersion": "1.0.0.0",
	"parameters": {
		"factoryName": {
			"type": "string",
			"metadata": "Data Factory name",
			"defaultValue": "edm-sbx-sea-adf"
		}
	},
	"variables": {
		"factoryId": "[concat('Microsoft.DataFactory/factories/', parameters('factoryName'))]"
	},
	"resources": [
		{
			"name": "[concat(parameters('factoryName'), '/PL_EDM_BatchIngestion_LandingtoRaw')]",
			"type": "Microsoft.DataFactory/factories/pipelines",
			"apiVersion": "2018-06-01",
			"properties": {
				"activities": [
					{
						"name": "Landing Files Processing",
						"type": "DatabricksNotebook",
						"dependsOn": [
							{
								"activity": "Insert Activity Log",
								"dependencyConditions": [
									"Succeeded"
								]
							}
						],
						"policy": {
							"timeout": "7.00:00:00",
							"retry": 0,
							"retryIntervalInSeconds": 30,
							"secureOutput": false,
							"secureInput": false
						},
						"userProperties": [],
						"typeProperties": {
							"notebookPath": "/Users/v-vjangid@microsoft.com/SCB_Batch_Ingestion_Framework/LandingToRawProcessing",
							"baseParameters": {
								"Filename": {
									"value": "@pipeline().parameters.filename",
									"type": "Expression"
								},
								"Source": {
									"value": "@split(pipeline().parameters.filepath, '/')[2]",
									"type": "Expression"
								},
								"Country": {
									"value": "@split(pipeline().parameters.filepath, '/')[3]",
									"type": "Expression"
								},
								"PipelineLogID": {
									"value": "@string(activity('Pipeline Log Stored Procedure').output.value[0].PipelineLogID)",
									"type": "Expression"
								}
							},
							"libraries": [
								{
									"maven": {
										"coordinates": "com.databricks:spark-xml_2.12:0.12.0"
									}
								},
								{
									"maven": {
										"coordinates": "com.ibm.informix:odbc:4.10.10"
									}
								},
								{
									"pypi": {
										"package": "pyodbc"
									}
								},
								{
									"maven": {
										"coordinates": "com.github.gslowikowski:spark-xml-extensions:1.0.0"
									}
								},
								{
									"maven": {
										"coordinates": "com.microsoft.azure:spark-mssql-connector:1.0.1"
									}
								},
								{
									"maven": {
										"coordinates": "com.microsoft.azure:spark-mssql-connector_2.12_3.0:1.0.0-alpha"
									}
								},
								{
									"jar": "dbfs:/FileStore/jars/9abdff4f_2dd5_46aa_ae90_08f1ab02ca9f-spark_core_2_11_1_5_2_logging-d50fe.jar"
								},
								{
									"maven": {
										"coordinates": "com.microsoft.azure:azure-eventhubs-spark_2.12:2.3.18"
									}
								},
								{
									"whl": "dbfs:/FileStore/jars/53056c60_e841_4b8d_ae35_066c37e3ccdc/edm-_Build.BuildNumber_-py3-none-any.whl"
								},
								{
									"jar": "dbfs:/pepsparkDBR_3.0.1_7.2.0.17.RC_pty.jar"
								},
								{
									"jar": "dbfs:/pephiveDBR_2.3.7_7.2.0.17.RC_pty.jar"
								}
							]
						},
						"linkedServiceName": {
							"referenceName": "LS_EDMP_Adbk_BatchIngestion_ExistingInstancePool",
							"type": "LinkedServiceReference"
						}
					},
					{
						"name": "Conditional Validation",
						"type": "IfCondition",
						"dependsOn": [
							{
								"activity": "Update Activity log",
								"dependencyConditions": [
									"Succeeded"
								]
							}
						],
						"userProperties": [],
						"typeProperties": {
							"expression": {
								"value": "@and(equals(activity('Landing Files Processing').output.runOutput.sourceCount, 0), equals(activity('Landing Files Processing').output.runOutput.controlFile, 'true'))",
								"type": "Expression"
							},
							"ifFalseActivities": [
								{
									"name": "DeleteFilesLanding",
									"type": "Delete",
									"dependsOn": [],
									"policy": {
										"timeout": "7.00:00:00",
										"retry": 0,
										"retryIntervalInSeconds": 30,
										"secureOutput": false,
										"secureInput": false
									},
									"userProperties": [],
									"typeProperties": {
										"dataset": {
											"referenceName": "DS_edmsbxsea_ablb_lr_Input",
											"type": "DatasetReference",
											"parameters": {
												"fileName": {
													"value": "@pipeline().parameters.filename",
													"type": "Expression"
												},
												"source": {
													"value": "@split(pipeline().parameters.filepath, '/')[2]",
													"type": "Expression"
												},
												"countryCode": {
													"value": "@split(pipeline().parameters.filepath, '/')[3]",
													"type": "Expression"
												}
											}
										},
										"enableLogging": false,
										"storeSettings": {
											"type": "AzureBlobStorageReadSettings",
											"recursive": true,
											"enablePartitionDiscovery": false
										}
									}
								}
							],
							"ifTrueActivities": [
								{
									"name": "Move Control Files to Raw",
									"type": "Copy",
									"dependsOn": [
										{
											"activity": "Insert Activity Log_X",
											"dependencyConditions": [
												"Succeeded"
											]
										}
									],
									"policy": {
										"timeout": "7.00:00:00",
										"retry": 0,
										"retryIntervalInSeconds": 30,
										"secureOutput": false,
										"secureInput": false
									},
									"userProperties": [],
									"typeProperties": {
										"source": {
											"type": "DelimitedTextSource",
											"storeSettings": {
												"type": "AzureBlobStorageReadSettings",
												"recursive": true,
												"enablePartitionDiscovery": false
											},
											"formatSettings": {
												"type": "DelimitedTextReadSettings"
											}
										},
										"sink": {
											"type": "DelimitedTextSink",
											"storeSettings": {
												"type": "AzureBlobFSWriteSettings"
											},
											"formatSettings": {
												"type": "DelimitedTextWriteSettings",
												"quoteAllText": true,
												"fileExtension": ".txt"
											}
										},
										"enableStaging": false,
										"translator": {
											"type": "TabularTranslator",
											"typeConversion": true,
											"typeConversionSettings": {
												"allowDataTruncation": true,
												"treatBooleanAsNumber": false
											}
										}
									},
									"inputs": [
										{
											"referenceName": "DS_edmsbxsea_ablb_lr_Input",
											"type": "DatasetReference",
											"parameters": {
												"fileName": {
													"value": "@pipeline().parameters.filename",
													"type": "Expression"
												},
												"source": {
													"value": "@split(pipeline().parameters.filepath, '/')[1]",
													"type": "Expression"
												},
												"countryCode": {
													"value": "@split(pipeline().parameters.filepath, '/')[2]",
													"type": "Expression"
												}
											}
										}
									],
									"outputs": [
										{
											"referenceName": "DS_edmbxsea_adls_control",
											"type": "DatasetReference",
											"parameters": {
												"Filename": {
													"value": "@pipeline().parameters.filename",
													"type": "Expression"
												},
												"Source": {
													"value": "@split(pipeline().parameters.filepath, '/')[0]",
													"type": "Expression"
												},
												"Country_Code": {
													"value": "@split(pipeline().parameters.filepath, '/')[1]",
													"type": "Expression"
												}
											}
										}
									]
								},
								{
									"name": "DeleteFiles",
									"type": "Delete",
									"dependsOn": [
										{
											"activity": "Update Activity log_x",
											"dependencyConditions": [
												"Succeeded"
											]
										}
									],
									"policy": {
										"timeout": "7.00:00:00",
										"retry": 0,
										"retryIntervalInSeconds": 30,
										"secureOutput": false,
										"secureInput": false
									},
									"userProperties": [],
									"typeProperties": {
										"dataset": {
											"referenceName": "DS_edmsbxsea_ablb_lr_Input",
											"type": "DatasetReference",
											"parameters": {
												"fileName": {
													"value": "@pipeline().parameters.filename",
													"type": "Expression"
												},
												"source": {
													"value": "@split(pipeline().parameters.filepath, '/')[1]",
													"type": "Expression"
												},
												"countryCode": {
													"value": "@split(pipeline().parameters.filepath, '/')[2]",
													"type": "Expression"
												}
											}
										},
										"enableLogging": false,
										"storeSettings": {
											"type": "AzureBlobStorageReadSettings",
											"recursive": true,
											"enablePartitionDiscovery": false
										}
									}
								},
								{
									"name": "Insert Activity Log_X",
									"type": "SqlServerStoredProcedure",
									"dependsOn": [],
									"policy": {
										"timeout": "7.00:00:00",
										"retry": 0,
										"retryIntervalInSeconds": 30,
										"secureOutput": false,
										"secureInput": false
									},
									"userProperties": [],
									"typeProperties": {
										"storedProcedureName": "[[ETLlog].[uspInsertPipelineEtlActivityLog]",
										"storedProcedureParameters": {
											"SourceObjectID": {
												"value": null,
												"type": "Int64"
											},
											"PipelineLogID": {
												"value": {
													"value": "@activity('Pipeline Log Stored Procedure').output.value[0].PipelineLogID",
													"type": "Expression"
												},
												"type": "Int64"
											},
											"ActivityName": {
												"value": "Move Control Files To Raw",
												"type": "String"
											},
											"ActivityType": {
												"value": "Copy",
												"type": "String"
											}
										}
									},
									"linkedServiceName": {
										"referenceName": "LS_edmsbxsea_asql",
										"type": "LinkedServiceReference"
									}
								},
								{
									"name": "Update Activity log_x",
									"type": "SqlServerStoredProcedure",
									"dependsOn": [
										{
											"activity": "Move Control Files to Raw",
											"dependencyConditions": [
												"Succeeded"
											]
										}
									],
									"policy": {
										"timeout": "7.00:00:00",
										"retry": 0,
										"retryIntervalInSeconds": 30,
										"secureOutput": false,
										"secureInput": false
									},
									"userProperties": [],
									"typeProperties": {
										"storedProcedureName": "[[ETLlog].[uspUpdatePipelineEtlActivityLog]",
										"storedProcedureParameters": {
											"ActivityStatus": {
												"value": "success",
												"type": "String"
											},
											"PipelineActivityLogID": {
												"value": {
													"value": "@activity('Insert Activity Log_X').output.firstRow.PipelineActivityLogID",
													"type": "Expression"
												},
												"type": "Int32"
											}
										}
									},
									"linkedServiceName": {
										"referenceName": "LS_edmsbxsea_asql",
										"type": "LinkedServiceReference"
									}
								},
								{
									"name": "Insert Activity Error log_x",
									"type": "SqlServerStoredProcedure",
									"dependsOn": [
										{
											"activity": "Move Control Files to Raw",
											"dependencyConditions": [
												"Failed"
											]
										}
									],
									"policy": {
										"timeout": "7.00:00:00",
										"retry": 0,
										"retryIntervalInSeconds": 30,
										"secureOutput": false,
										"secureInput": false
									},
									"userProperties": [],
									"typeProperties": {
										"storedProcedureName": "[[ETLlog].[uspInsertPipelineActivityErrorLog]",
										"storedProcedureParameters": {
											"ErrorMessage": {
												"value": "Control File Movement Failed",
												"type": "String"
											},
											"IsLandingToRawProcessed": {
												"value": "False",
												"type": "Boolean"
											},
											"IsRawtoStandardisedProcessed": {
												"value": "False",
												"type": "Boolean"
											},
											"PipelineActivityLogID": {
												"value": {
													"value": "@activity('Insert Activity Log_X').output.firstRow.PipelineActivityLogID",
													"type": "Expression"
												},
												"type": "Int32"
											},
											"PipelineLogID": {
												"value": {
													"value": "@activity('Pipeline Log Stored Procedure').output.value[0].PipelineLogID",
													"type": "Expression"
												},
												"type": "Int32"
											},
											"SoucreFileProcessLogID": {
												"value": {
													"value": "@activity('Pipeline Log Stored Procedure').output.value[0].SourceFileProcessLogID",
													"type": "Expression"
												},
												"type": "Int32"
											}
										}
									},
									"linkedServiceName": {
										"referenceName": "LS_edmsbxsea_asql",
										"type": "LinkedServiceReference"
									}
								}
							]
						}
					},
					{
						"name": "Pipeline Log Stored Procedure",
						"type": "Lookup",
						"dependsOn": [],
						"policy": {
							"timeout": "7.00:00:00",
							"retry": 0,
							"retryIntervalInSeconds": 30,
							"secureOutput": false,
							"secureInput": false
						},
						"userProperties": [],
						"typeProperties": {
							"source": {
								"type": "AzureSqlSource",
								"sqlReaderStoredProcedureName": "[[ETLlog].[uspInsertPipelineLog]",
								"storedProcedureParameters": {
									"ParentPipelineLogID": {
										"value": null
									},
									"SourceObjectID": {
										"value": null
									},
									"PipelineRunID": {
										"value": {
											"value": "@pipeline().RunId",
											"type": "Expression"
										}
									},
									"LoadType": {
										"value": "LandingToRaw"
									},
									"ObjectLoadStartDateTime": {
										"value": {
											"value": "@formatDateTime(utcnow(), 'dd-MMM-yyyy HH:mm:ss')",
											"type": "Expression"
										}
									},
									"FileName": {
										"value": {
											"value": "@pipeline().parameters.filename",
											"type": "Expression"
										}
									},
									"PipeLineName": {
										"value": {
											"value": "@pipeline().Pipeline",
											"type": "Expression"
										}
									}
								},
								"queryTimeout": "02:00:00",
								"partitionOption": "None"
							},
							"dataset": {
								"referenceName": "DS_edmsbxsea_asql",
								"type": "DatasetReference"
							},
							"firstRowOnly": false
						}
					},
					{
						"name": "Update Activity log",
						"type": "SqlServerStoredProcedure",
						"dependsOn": [
							{
								"activity": "Landing Files Processing",
								"dependencyConditions": [
									"Succeeded"
								]
							}
						],
						"policy": {
							"timeout": "7.00:00:00",
							"retry": 0,
							"retryIntervalInSeconds": 30,
							"secureOutput": false,
							"secureInput": false
						},
						"userProperties": [],
						"typeProperties": {
							"storedProcedureName": "[[ETLlog].[uspUpdatePipelineEtlActivityLog]",
							"storedProcedureParameters": {
								"PipelineActivityLogID": {
									"value": {
										"value": "@activity('Insert Activity Log').output.firstRow.PipelineActivityLogID",
										"type": "Expression"
									},
									"type": "Int64"
								},
								"ActivityStatus": {
									"value": "Success",
									"type": "String"
								}
							}
						},
						"linkedServiceName": {
							"referenceName": "LS_edmsbxsea_asql",
							"type": "LinkedServiceReference"
						}
					},
					{
						"name": "Insert Activity Error log",
						"type": "SqlServerStoredProcedure",
						"dependsOn": [
							{
								"activity": "Landing Files Processing",
								"dependencyConditions": [
									"Failed"
								]
							}
						],
						"policy": {
							"timeout": "7.00:00:00",
							"retry": 0,
							"retryIntervalInSeconds": 30,
							"secureOutput": false,
							"secureInput": false
						},
						"userProperties": [],
						"typeProperties": {
							"storedProcedureName": "[[ETLlog].[uspInsertPipelineActivityErrorLog]",
							"storedProcedureParameters": {
								"ErrorMessage": {
									"value": "Landing to Raw Failed",
									"type": "String"
								},
								"IsLandingToRawProcessed": {
									"value": "False",
									"type": "Boolean"
								},
								"IsRawtoStandardisedProcessed": {
									"value": "False",
									"type": "Boolean"
								},
								"PipelineActivityLogID": {
									"value": {
										"value": "@activity('Insert Activity Log').output.firstRow.PipelineActivityLogID",
										"type": "Expression"
									},
									"type": "Int32"
								},
								"PipelineLogID": {
									"value": {
										"value": "@activity('Pipeline Log Stored Procedure').output.value[0].PipelineLogID",
										"type": "Expression"
									},
									"type": "Int32"
								},
								"SoucreFileProcessLogID": {
									"value": {
										"value": "@activity('Pipeline Log Stored Procedure').output.value[0].SourceFileProcessLogID",
										"type": "Expression"
									},
									"type": "Int32"
								}
							}
						},
						"linkedServiceName": {
							"referenceName": "LS_edmsbxsea_asql",
							"type": "LinkedServiceReference"
						}
					},
					{
						"name": "Update Pipeline Log",
						"type": "SqlServerStoredProcedure",
						"dependsOn": [
							{
								"activity": "Conditional Validation",
								"dependencyConditions": [
									"Succeeded"
								]
							}
						],
						"policy": {
							"timeout": "7.00:00:00",
							"retry": 0,
							"retryIntervalInSeconds": 30,
							"secureOutput": false,
							"secureInput": false
						},
						"userProperties": [],
						"typeProperties": {
							"storedProcedureName": "[[ETLlog].[uspUpdatePipelineLog]",
							"storedProcedureParameters": {
								"PipelineLogID": {
									"value": {
										"value": "@activity('Pipeline Log Stored Procedure').output.value[0].PipelineLogID",
										"type": "Expression"
									},
									"type": "Int64"
								},
								"SourceFileProcessLogID": {
									"value": {
										"value": "@activity('Landing Files Processing').output.runOutput.SourceFileProcessLogID",
										"type": "Expression"
									},
									"type": "Int64"
								},
								"SourceCount": {
									"value": {
										"value": "@activity('Landing Files Processing').output.runOutput.sourceCount",
										"type": "Expression"
									},
									"type": "Int64"
								},
								"TargetCount": {
									"value": null,
									"type": "Int64"
								},
								"ErrorCount": {
									"value": null,
									"type": "Int64"
								},
								"IsLandingToRawProcessed": {
									"value": "1",
									"type": "Single"
								},
								"IsRawtoStandardisedProcessed": {
									"value": "0",
									"type": "Single"
								},
								"PipelineStatus": {
									"value": "Succeeded",
									"type": "String"
								},
								"SourceObjectId": {
									"value": {
										"value": "@activity('Landing Files Processing').output.runOutput.SourceObjectID",
										"type": "Expression"
									},
									"type": "Int64"
								},
								"SourceId": {
									"value": {
										"value": "@activity('Landing Files Processing').output.runOutput.SourceID",
										"type": "Expression"
									},
									"type": "Int64"
								}
							}
						},
						"linkedServiceName": {
							"referenceName": "LS_edmsbxsea_asql",
							"type": "LinkedServiceReference"
						}
					},
					{
						"name": "Param Config Parser",
						"type": "DatabricksNotebook",
						"dependsOn": [
							{
								"activity": "Insert Config Parser Activity Log",
								"dependencyConditions": [
									"Succeeded"
								]
							}
						],
						"policy": {
							"timeout": "7.00:00:00",
							"retry": 0,
							"retryIntervalInSeconds": 30,
							"secureOutput": false,
							"secureInput": false
						},
						"userProperties": [],
						"typeProperties": {
							"notebookPath": "/Shared/Parse_Config_Params",
							"baseParameters": {
								"Country": {
									"value": "@split(pipeline().parameters.filepath, '/')[3]",
									"type": "Expression"
								},
								"FileName": {
									"value": "@pipeline().parameters.filename",
									"type": "Expression"
								},
								"Source": {
									"value": "@split(pipeline().parameters.filepath, '/')[2]",
									"type": "Expression"
								}
							},
							"libraries": [
								{
									"maven": {
										"coordinates": "com.databricks:spark-xml_2.12:0.12.0"
									}
								},
								{
									"maven": {
										"coordinates": "com.ibm.informix:odbc:4.10.10"
									}
								},
								{
									"pypi": {
										"package": "pyodbc"
									}
								},
								{
									"maven": {
										"coordinates": "com.github.gslowikowski:spark-xml-extensions:1.0.0"
									}
								},
								{
									"maven": {
										"coordinates": "com.microsoft.azure:spark-mssql-connector:1.0.1"
									}
								},
								{
									"maven": {
										"coordinates": "com.microsoft.azure:spark-mssql-connector_2.12_3.0:1.0.0-alpha"
									}
								},
								{
									"jar": "dbfs:/FileStore/jars/9abdff4f_2dd5_46aa_ae90_08f1ab02ca9f-spark_core_2_11_1_5_2_logging-d50fe.jar"
								},
								{
									"maven": {
										"coordinates": "com.microsoft.azure:azure-eventhubs-spark_2.12:2.3.18"
									}
								},
								{
									"whl": "dbfs:/FileStore/jars/53056c60_e841_4b8d_ae35_066c37e3ccdc/edm-_Build.BuildNumber_-py3-none-any.whl"
								},
								{
									"jar": "dbfs:/pepsparkDBR_3.0.1_7.2.0.17.RC_pty.jar"
								},
								{
									"jar": "dbfs:/pephiveDBR_2.3.7_7.2.0.17.RC_pty.jar"
								}
							]
						},
						"linkedServiceName": {
							"referenceName": "LS_EDMP_Adbk_BatchIngestion_ExistingInstancePool",
							"type": "LinkedServiceReference"
						}
					},
					{
						"name": "Update Config Parser Activity Log",
						"type": "SqlServerStoredProcedure",
						"dependsOn": [
							{
								"activity": "Param Config Parser",
								"dependencyConditions": [
									"Succeeded"
								]
							}
						],
						"policy": {
							"timeout": "7.00:00:00",
							"retry": 0,
							"retryIntervalInSeconds": 30,
							"secureOutput": false,
							"secureInput": false
						},
						"userProperties": [],
						"typeProperties": {
							"storedProcedureName": "[[ETLlog].[uspUpdatePipelineEtlActivityLog]",
							"storedProcedureParameters": {
								"ActivityStatus": {
									"value": "Success",
									"type": "String"
								},
								"PipelineActivityLogID": {
									"value": {
										"value": "@activity('Insert Config Parser Activity Log').output.firstRow.PipelineActivityLogID",
										"type": "Expression"
									},
									"type": "Int32"
								}
							}
						},
						"linkedServiceName": {
							"referenceName": "LS_edmsbxsea_asql",
							"type": "LinkedServiceReference"
						}
					},
					{
						"name": "Insert Config Parser Activity Log",
						"type": "Lookup",
						"dependsOn": [
							{
								"activity": "Get Cluster Configuration",
								"dependencyConditions": [
									"Succeeded"
								]
							}
						],
						"policy": {
							"timeout": "7.00:00:00",
							"retry": 0,
							"retryIntervalInSeconds": 30,
							"secureOutput": false,
							"secureInput": false
						},
						"userProperties": [],
						"typeProperties": {
							"source": {
								"type": "AzureSqlSource",
								"sqlReaderStoredProcedureName": "[[ETLlog].[uspInsertPipelineEtlActivityLog]",
								"storedProcedureParameters": {
									"ActivityName": {
										"type": "String",
										"value": "Param Config Parser"
									},
									"ActivityType": {
										"type": "String",
										"value": "Databricks"
									},
									"PipelineLogID": {
										"type": "Int32",
										"value": {
											"value": "@activity('Pipeline Log Stored Procedure').output.value[0].PipelineLogID",
											"type": "Expression"
										}
									},
									"SourceObjectID": {
										"type": "Int32",
										"value": null
									}
								},
								"queryTimeout": "02:00:00",
								"partitionOption": "None"
							},
							"dataset": {
								"referenceName": "DS_edmsbxsea_asql",
								"type": "DatasetReference"
							}
						}
					},
					{
						"name": "Insert Parser Activity Error Log",
						"type": "SqlServerStoredProcedure",
						"dependsOn": [
							{
								"activity": "Param Config Parser",
								"dependencyConditions": [
									"Failed"
								]
							}
						],
						"policy": {
							"timeout": "7.00:00:00",
							"retry": 0,
							"retryIntervalInSeconds": 30,
							"secureOutput": false,
							"secureInput": false
						},
						"userProperties": [],
						"typeProperties": {
							"storedProcedureName": "[[ETLlog].[uspInsertPipelineActivityErrorLog]",
							"storedProcedureParameters": {
								"ErrorMessage": {
									"value": "Param Config Parser Failed",
									"type": "String"
								},
								"IsLandingToRawProcessed": {
									"value": "False",
									"type": "Boolean"
								},
								"IsRawtoStandardisedProcessed": {
									"value": "False",
									"type": "Boolean"
								},
								"PipelineActivityLogID": {
									"value": {
										"value": "@activity('Insert Config Parser Activity Log').output.firstRow.PipelineActivityLogID",
										"type": "Expression"
									},
									"type": "Int32"
								},
								"PipelineLogID": {
									"value": {
										"value": "@activity('Pipeline Log Stored Procedure').output.value[0].PipelineLogID",
										"type": "Expression"
									},
									"type": "Int32"
								},
								"SoucreFileProcessLogID": {
									"value": {
										"value": "@activity('Pipeline Log Stored Procedure').output.value[0].SourceFileProcessLogID",
										"type": "Expression"
									},
									"type": "Int32"
								}
							}
						},
						"linkedServiceName": {
							"referenceName": "LS_edmsbxsea_asql",
							"type": "LinkedServiceReference"
						}
					},
					{
						"name": "Insert Activity Log",
						"type": "Lookup",
						"dependsOn": [
							{
								"activity": "Update Schema Evolution Activity Log",
								"dependencyConditions": [
									"Succeeded"
								]
							}
						],
						"policy": {
							"timeout": "7.00:00:00",
							"retry": 0,
							"retryIntervalInSeconds": 30,
							"secureOutput": false,
							"secureInput": false
						},
						"userProperties": [],
						"typeProperties": {
							"source": {
								"type": "AzureSqlSource",
								"sqlReaderStoredProcedureName": "[[ETLlog].[uspInsertPipelineEtlActivityLog]",
								"storedProcedureParameters": {
									"ActivityName": {
										"type": "String",
										"value": "Landing Files Processing"
									},
									"ActivityType": {
										"type": "String",
										"value": "Databricks"
									},
									"PipelineLogID": {
										"type": "Int32",
										"value": {
											"value": "@activity('Pipeline Log Stored Procedure').output.value[0].PipelineLogID",
											"type": "Expression"
										}
									},
									"SourceObjectID": {
										"type": "Int32",
										"value": null
									}
								},
								"queryTimeout": "02:00:00",
								"partitionOption": "None"
							},
							"dataset": {
								"referenceName": "DS_edmsbxsea_asql",
								"type": "DatasetReference"
							}
						}
					},
					{
						"name": "Schema Evolution",
						"type": "DatabricksNotebook",
						"dependsOn": [
							{
								"activity": "Insert Schema Evolution Activity Log",
								"dependencyConditions": [
									"Succeeded"
								]
							}
						],
						"policy": {
							"timeout": "7.00:00:00",
							"retry": 0,
							"retryIntervalInSeconds": 30,
							"secureOutput": false,
							"secureInput": false
						},
						"userProperties": [],
						"typeProperties": {
							"notebookPath": "/Shared/SchemaEvolutionNotebook",
							"libraries": [
								{
									"maven": {
										"coordinates": "com.databricks:spark-xml_2.12:0.12.0"
									}
								},
								{
									"maven": {
										"coordinates": "com.ibm.informix:odbc:4.10.10"
									}
								},
								{
									"pypi": {
										"package": "pyodbc"
									}
								},
								{
									"maven": {
										"coordinates": "com.github.gslowikowski:spark-xml-extensions:1.0.0"
									}
								},
								{
									"maven": {
										"coordinates": "com.microsoft.azure:spark-mssql-connector:1.0.1"
									}
								},
								{
									"maven": {
										"coordinates": "com.microsoft.azure:spark-mssql-connector_2.12_3.0:1.0.0-alpha"
									}
								},
								{
									"jar": "dbfs:/FileStore/jars/9abdff4f_2dd5_46aa_ae90_08f1ab02ca9f-spark_core_2_11_1_5_2_logging-d50fe.jar"
								},
								{
									"maven": {
										"coordinates": "com.microsoft.azure:azure-eventhubs-spark_2.12:2.3.18"
									}
								},
								{
									"whl": "dbfs:/FileStore/jars/53056c60_e841_4b8d_ae35_066c37e3ccdc/edm-_Build.BuildNumber_-py3-none-any.whl"
								},
								{
									"jar": "dbfs:/pepsparkDBR_3.0.1_7.2.0.17.RC_pty.jar"
								},
								{
									"jar": "dbfs:/pephiveDBR_2.3.7_7.2.0.17.RC_pty.jar"
								}
							]
						},
						"linkedServiceName": {
							"referenceName": "LS_EDMP_Adbk_BatchIngestion_ExistingInstancePool",
							"type": "LinkedServiceReference"
						}
					},
					{
						"name": "Insert Schema Evolution Activity Log",
						"type": "Lookup",
						"dependsOn": [
							{
								"activity": "Update Config Parser Activity Log",
								"dependencyConditions": [
									"Succeeded"
								]
							}
						],
						"policy": {
							"timeout": "7.00:00:00",
							"retry": 0,
							"retryIntervalInSeconds": 30,
							"secureOutput": false,
							"secureInput": false
						},
						"userProperties": [],
						"typeProperties": {
							"source": {
								"type": "AzureSqlSource",
								"sqlReaderStoredProcedureName": "[[ETLlog].[uspInsertPipelineEtlActivityLog]",
								"storedProcedureParameters": {
									"ActivityName": {
										"type": "String",
										"value": "Schema Evolution"
									},
									"ActivityType": {
										"type": "String",
										"value": "Databricks"
									},
									"PipelineLogID": {
										"type": "Int32",
										"value": {
											"value": "@activity('Pipeline Log Stored Procedure').output.value[0].PipelineLogID",
											"type": "Expression"
										}
									},
									"SourceObjectID": {
										"type": "Int32",
										"value": null
									}
								},
								"queryTimeout": "02:00:00",
								"partitionOption": "None"
							},
							"dataset": {
								"referenceName": "DS_edmsbxsea_asql",
								"type": "DatasetReference"
							}
						}
					},
					{
						"name": "Update Schema Evolution Activity Log",
						"type": "SqlServerStoredProcedure",
						"dependsOn": [
							{
								"activity": "Schema Evolution",
								"dependencyConditions": [
									"Succeeded"
								]
							}
						],
						"policy": {
							"timeout": "7.00:00:00",
							"retry": 0,
							"retryIntervalInSeconds": 30,
							"secureOutput": false,
							"secureInput": false
						},
						"userProperties": [],
						"typeProperties": {
							"storedProcedureName": "[[ETLlog].[uspUpdatePipelineEtlActivityLog]",
							"storedProcedureParameters": {
								"ActivityStatus": {
									"value": "Success",
									"type": "String"
								},
								"PipelineActivityLogID": {
									"value": {
										"value": "@activity('Insert Config Parser Activity Log').output.firstRow.PipelineActivityLogID",
										"type": "Expression"
									},
									"type": "Int32"
								}
							}
						},
						"linkedServiceName": {
							"referenceName": "LS_edmsbxsea_asql",
							"type": "LinkedServiceReference"
						}
					},
					{
						"name": "Insert Sechema Evloution Activity Error Log",
						"type": "SqlServerStoredProcedure",
						"dependsOn": [
							{
								"activity": "Schema Evolution",
								"dependencyConditions": [
									"Failed"
								]
							}
						],
						"policy": {
							"timeout": "7.00:00:00",
							"retry": 0,
							"retryIntervalInSeconds": 30,
							"secureOutput": false,
							"secureInput": false
						},
						"userProperties": [],
						"typeProperties": {
							"storedProcedureName": "[[ETLlog].[uspInsertPipelineActivityErrorLog]",
							"storedProcedureParameters": {
								"ErrorMessage": {
									"value": "Param Config Parser Failed",
									"type": "String"
								},
								"IsLandingToRawProcessed": {
									"value": "False",
									"type": "Boolean"
								},
								"IsRawtoStandardisedProcessed": {
									"value": "False",
									"type": "Boolean"
								},
								"PipelineActivityLogID": {
									"value": {
										"value": "@activity('Insert Config Parser Activity Log').output.firstRow.PipelineActivityLogID",
										"type": "Expression"
									},
									"type": "Int32"
								},
								"PipelineLogID": {
									"value": {
										"value": "@activity('Pipeline Log Stored Procedure').output.value[0].PipelineLogID",
										"type": "Expression"
									},
									"type": "Int32"
								},
								"SoucreFileProcessLogID": {
									"value": {
										"value": "@activity('Pipeline Log Stored Procedure').output.value[0].SourceFileProcessLogID",
										"type": "Expression"
									},
									"type": "Int32"
								}
							}
						},
						"linkedServiceName": {
							"referenceName": "LS_edmsbxsea_asql",
							"type": "LinkedServiceReference"
						}
					},
					{
						"name": "Get Cluster Configuration",
						"type": "Lookup",
						"dependsOn": [
							{
								"activity": "Pipeline Log Stored Procedure",
								"dependencyConditions": [
									"Succeeded"
								]
							}
						],
						"policy": {
							"timeout": "7.00:00:00",
							"retry": 0,
							"retryIntervalInSeconds": 30,
							"secureOutput": false,
							"secureInput": false
						},
						"userProperties": [],
						"typeProperties": {
							"source": {
								"type": "AzureSqlSource",
								"sqlReaderStoredProcedureName": "[[ETLlog].[uspGetProcessConfiguration]",
								"storedProcedureParameters": {
									"SourceObjectId": {
										"type": "String",
										"value": null
									},
									"SourceID": {
										"type": "String",
										"value": null
									},
									"Type": {
										"type": "String",
										"value": "LandingToRaw"
									},
									"FileName": {
										"type": "String",
										"value": {
											"value": "@pipeline().parameters.filename",
											"type": "Expression"
										}
									}
								},
								"queryTimeout": "02:00:00",
								"partitionOption": "None"
							},
							"dataset": {
								"referenceName": "DS_edmsbxsea_asql",
								"type": "DatasetReference"
							},
							"firstRowOnly": true
						}
					}
				],
				"parameters": {
					"filename": {
						"type": "string"
					},
					"filepath": {
						"type": "string"
					}
				},
				"folder": {
					"name": "Batch Ingestion"
				},
				"annotations": []
			},
			"dependsOn": [
				"[concat(variables('factoryId'), '/linkedServices/LS_EDMP_Adbk_BatchIngestion_ExistingInstancePool')]"
			]
		},
		{
			"name": "[concat(parameters('factoryName'), '/Unzip')]",
			"type": "Microsoft.DataFactory/factories/pipelines",
			"apiVersion": "2018-06-01",
			"properties": {
				"activities": [
					{
						"name": "Get Metadata1",
						"type": "GetMetadata",
						"dependsOn": [],
						"policy": {
							"timeout": "7.00:00:00",
							"retry": 0,
							"retryIntervalInSeconds": 30,
							"secureOutput": false,
							"secureInput": false
						},
						"userProperties": [],
						"typeProperties": {
							"dataset": {
								"referenceName": "Binary1",
								"type": "DatasetReference",
								"parameters": {
									"filename": "*.zip"
								}
							},
							"fieldList": [
								"childItems"
							],
							"storeSettings": {
								"type": "AzureBlobFSReadSettings",
								"recursive": true,
								"enablePartitionDiscovery": false
							},
							"formatSettings": {
								"type": "BinaryReadSettings"
							}
						}
					},
					{
						"name": "ForEach1",
						"type": "ForEach",
						"dependsOn": [
							{
								"activity": "Get Metadata1",
								"dependencyConditions": [
									"Succeeded"
								]
							}
						],
						"userProperties": [],
						"typeProperties": {
							"items": {
								"value": "@activity('Get Metadata1').output.childItems",
								"type": "Expression"
							},
							"activities": [
								{
									"name": "Copy data1",
									"type": "Copy",
									"dependsOn": [],
									"policy": {
										"timeout": "7.00:00:00",
										"retry": 0,
										"retryIntervalInSeconds": 30,
										"secureOutput": false,
										"secureInput": false
									},
									"userProperties": [],
									"typeProperties": {
										"source": {
											"type": "BinarySource",
											"storeSettings": {
												"type": "AzureBlobFSReadSettings",
												"recursive": true
											},
											"formatSettings": {
												"type": "BinaryReadSettings",
												"compressionProperties": {
													"type": "ZipDeflateReadSettings",
													"preserveZipFileNameAsFolder": false
												}
											}
										},
										"sink": {
											"type": "BinarySink",
											"storeSettings": {
												"type": "AzureBlobFSWriteSettings",
												"copyBehavior": "FlattenHierarchy"
											}
										},
										"enableStaging": false
									},
									"inputs": [
										{
											"referenceName": "Binary2",
											"type": "DatasetReference",
											"parameters": {
												"filename": "item().name"
											}
										}
									],
									"outputs": [
										{
											"referenceName": "Binary3",
											"type": "DatasetReference"
										}
									]
								}
							]
						}
					}
				],
				"folder": {
					"name": "demo-security"
				},
				"annotations": []
			},
			"dependsOn": [
				"[concat(variables('factoryId'), '/datasets/Binary1')]",
				"[concat(variables('factoryId'), '/datasets/Binary2')]",
				"[concat(variables('factoryId'), '/datasets/Binary3')]"
			]
		},
		{
			"name": "[concat(parameters('factoryName'), '/Binary1')]",
			"type": "Microsoft.DataFactory/factories/datasets",
			"apiVersion": "2018-06-01",
			"properties": {
				"linkedServiceName": {
					"referenceName": "LS_edmsbxsea_adlk_public",
					"type": "LinkedServiceReference"
				},
				"parameters": {
					"filename": {
						"type": "string"
					}
				},
				"annotations": [],
				"type": "Binary",
				"typeProperties": {
					"location": {
						"type": "AzureBlobFSLocation",
						"fileName": {
							"value": "@dataset().filename",
							"type": "Expression"
						},
						"folderPath": "zip",
						"fileSystem": "staging"
					},
					"compression": {
						"type": "gzip"
					}
				}
			},
			"dependsOn": []
		},
		{
			"name": "[concat(parameters('factoryName'), '/Binary2')]",
			"type": "Microsoft.DataFactory/factories/datasets",
			"apiVersion": "2018-06-01",
			"properties": {
				"linkedServiceName": {
					"referenceName": "LS_edmsbxsea_adlk_public",
					"type": "LinkedServiceReference"
				},
				"parameters": {
					"filename": {
						"type": "string"
					}
				},
				"annotations": [],
				"type": "Binary",
				"typeProperties": {
					"location": {
						"type": "AzureBlobFSLocation",
						"folderPath": "zip",
						"fileSystem": "staging"
					},
					"compression": {
						"type": "ZipDeflate",
						"level": "Fastest"
					}
				}
			},
			"dependsOn": []
		},
		{
			"name": "[concat(parameters('factoryName'), '/Binary3')]",
			"type": "Microsoft.DataFactory/factories/datasets",
			"apiVersion": "2018-06-01",
			"properties": {
				"linkedServiceName": {
					"referenceName": "LS_edmsbxsea_adlk_public",
					"type": "LinkedServiceReference"
				},
				"annotations": [],
				"type": "Binary",
				"typeProperties": {
					"location": {
						"type": "AzureBlobFSLocation",
						"folderPath": "unzip",
						"fileSystem": "staging"
					}
				}
			},
			"dependsOn": []
		},
		{
			"name": "[concat(parameters('factoryName'), '/LS_EDMP_Adbk_BatchIngestion_ExistingInstancePool')]",
			"type": "Microsoft.DataFactory/factories/linkedServices",
			"apiVersion": "2018-06-01",
			"properties": {
				"description": "Linked Service for the Instance pools",
				"parameters": {
					"InstancePoolId": {
						"type": "string",
						"defaultValue": "0609-025219-chef542-pool-8hQtBpXB"
					},
					"ClusterVersion": {
						"type": "string",
						"defaultValue": "7.3.x-scala2.12"
					},
					"WorkerOptions": {
						"type": "string",
						"defaultValue": "1:3"
					}
				},
				"annotations": [],
				"type": "AzureDatabricks",
				"typeProperties": {
					"domain": "https://adb-8045677374177174.14.azuredatabricks.net",
					"authentication": "MSI",
					"workspaceResourceId": "/subscriptions/e87cf38c-8f6f-4cb2-a8ec-886a94bc28d5/resourceGroups/edm-sbx-sea-rg/providers/Microsoft.Databricks/workspaces/edm-sbx-sea-adbk",
					"instancePoolId": "@linkedService().InstancePoolId",
					"newClusterNumOfWorker": "@linkedService().WorkerOptions",
					"newClusterSparkEnvVars": {
						"PYSPARK_PYTHON": "/databricks/python3/bin/python3"
					},
					"newClusterVersion": "@linkedService().ClusterVersion",
					"newClusterInitScripts": []
				}
			},
			"dependsOn": []
		},
		{
			"name": "[concat(parameters('factoryName'), '/LS_EDMP_Adbk_BatchIngestion_ExistingInteractiveCluster')]",
			"type": "Microsoft.DataFactory/factories/linkedServices",
			"apiVersion": "2018-06-01",
			"properties": {
				"description": "Linked Service is used for the ExistingInteractiveCluster",
				"parameters": {
					"ExistingClusterID": {
						"type": "string",
						"defaultValue": "0531-084656-quays30"
					}
				},
				"annotations": [],
				"type": "AzureDatabricks",
				"typeProperties": {
					"domain": "https://adb-8045677374177174.14.azuredatabricks.net",
					"authentication": "MSI",
					"workspaceResourceId": "/subscriptions/e87cf38c-8f6f-4cb2-a8ec-886a94bc28d5/resourceGroups/edm-sbx-sea-rg/providers/Microsoft.Databricks/workspaces/edm-sbx-sea-adbk",
					"existingClusterId": "@linkedService().ExistingClusterID"
				}
			},
			"dependsOn": []
		},
		{
			"name": "[concat(parameters('factoryName'), '/LS_EDMP_Adbk_BatchIngestion_NewJobCluster')]",
			"type": "Microsoft.DataFactory/factories/linkedServices",
			"apiVersion": "2018-06-01",
			"properties": {
				"description": "Linked Service for new job cluster.",
				"parameters": {
					"ClusterVersion": {
						"type": "string",
						"defaultValue": "7.3.x-scala2.12"
					},
					"ClusterNodeType": {
						"type": "string",
						"defaultValue": "Standard_DS3_v2"
					},
					"ClusterDriverNodeType": {
						"type": "string",
						"defaultValue": "Standard_DS3_v2"
					},
					"WorkerOptions": {
						"type": "string",
						"defaultValue": "1:3"
					}
				},
				"annotations": [],
				"type": "AzureDatabricks",
				"typeProperties": {
					"domain": "https://adb-8045677374177174.14.azuredatabricks.net",
					"authentication": "MSI",
					"workspaceResourceId": "/subscriptions/e87cf38c-8f6f-4cb2-a8ec-886a94bc28d5/resourceGroups/edm-sbx-sea-rg/providers/Microsoft.Databricks/workspaces/edm-sbx-sea-adbk",
					"newClusterNodeType": "@linkedService().ClusterNodeType",
					"newClusterNumOfWorker": "@linkedService().WorkerOptions",
					"newClusterSparkEnvVars": {
						"PYSPARK_PYTHON": "/databricks/python3/bin/python3"
					},
					"newClusterVersion": "@linkedService().ClusterVersion",
					"newClusterInitScripts": [],
					"newClusterDriverNodeType": "@linkedService().ClusterDriverNodeType"
				}
			},
			"dependsOn": []
		}
	]
}