{
	"$schema": "http://schema.management.azure.com/schemas/2015-01-01/deploymentTemplate.json#",
	"contentVersion": "1.0.0.0",
	"parameters": {
		"factoryName": {
			"type": "string",
			"metadata": "Data Factory name",
			"defaultValue": "edm-sbx-sea-adf"
		}
	},
	"variables": {
		"factoryId": "[concat('Microsoft.DataFactory/factories/', parameters('factoryName'))]"
	},
	"resources": [
		{
			"name": "[concat(parameters('factoryName'), '/Office3651')]",
			"type": "Microsoft.DataFactory/factories/linkedServices",
			"apiVersion": "2018-06-01",
			"properties": {
				"annotations": [],
				"type": "Office365",
				"typeProperties": {
					"office365TenantId": "502f8483-2aef-4fcc-b127-93bc1263aac0",
					"servicePrincipalTenantId": "502f8483-2aef-4fcc-b127-93bc1263aac0",
					"servicePrincipalId": "11209e50-9b0c-4792-b91a-40abce862e39",
					"servicePrincipalKey": {
						"type": "SecureString",
						"value": "**********"
					}
				}
			},
			"dependsOn": []
		}
	]
}