{
	"$schema": "http://schema.management.azure.com/schemas/2015-01-01/deploymentTemplate.json#",
	"contentVersion": "1.0.0.0",
	"parameters": {
		"factoryName": {
			"type": "string",
			"metadata": "Data Factory name",
			"defaultValue": "edm-sbx-sea-adf"
		}
	},
	"variables": {
		"factoryId": "[concat('Microsoft.DataFactory/factories/', parameters('factoryName'))]"
	},
	"resources": [
		{
			"name": "[concat(parameters('factoryName'), '/LS_EDMP_Adbk_BatchIngestion_ExistingInstancePool')]",
			"type": "Microsoft.DataFactory/factories/linkedServices",
			"apiVersion": "2018-06-01",
			"properties": {
				"description": "Linked Service for the Instance pools",
				"parameters": {
					"InstancePoolId": {
						"type": "string",
						"defaultValue": "0524-083901-sane837-pool-kRnOajIA"
					},
					"ClusterVersion": {
						"type": "string",
						"defaultValue": "7.3.x-scala2.12"
					},
					"WorkerOptions": {
						"type": "string",
						"defaultValue": "1:3"
					}
				},
				"annotations": [],
				"type": "AzureDatabricks",
				"typeProperties": {
					"domain": "https://adb-8045677374177174.14.azuredatabricks.net",
					"authentication": "MSI",
					"workspaceResourceId": "/subscriptions/e87cf38c-8f6f-4cb2-a8ec-886a94bc28d5/resourceGroups/edm-sbx-sea-rg/providers/Microsoft.Databricks/workspaces/edm-sbx-sea-adbk",
					"instancePoolId": "@linkedService().InstancePoolID",
					"newClusterNumOfWorker": "@linkedService().WorkerOptions",
					"newClusterSparkEnvVars": {
						"PYSPARK_PYTHON": "/databricks/python3/bin/python3"
					},
					"newClusterVersion": "@linkedService().ClusterVersion",
					"newClusterInitScripts": []
				},
				"connectVia": {
					"referenceName": "SelfHostedIntegrationRuntime",
					"type": "IntegrationRuntimeReference"
				}
			},
			"dependsOn": []
		},
		{
			"name": "[concat(parameters('factoryName'), '/LS_EDMP_Adbk_BatchIngestion_ExistingInteractiveCluster')]",
			"type": "Microsoft.DataFactory/factories/linkedServices",
			"apiVersion": "2018-06-01",
			"properties": {
				"description": "Linked Service is used for the ExistingInteractiveCluster",
				"parameters": {
					"ExistingClusterID": {
						"type": "string",
						"defaultValue": "0531-084656-quays30"
					}
				},
				"annotations": [],
				"type": "AzureDatabricks",
				"typeProperties": {
					"domain": "https://adb-8045677374177174.14.azuredatabricks.net",
					"authentication": "MSI",
					"workspaceResourceId": "/subscriptions/e87cf38c-8f6f-4cb2-a8ec-886a94bc28d5/resourceGroups/edm-sbx-sea-rg/providers/Microsoft.Databricks/workspaces/edm-sbx-sea-adbk",
					"existingClusterId": "@linkedService().ExistingClusterID"
				},
				"connectVia": {
					"referenceName": "SelfHostedIntegrationRuntime",
					"type": "IntegrationRuntimeReference"
				}
			},
			"dependsOn": []
		},
		{
			"name": "[concat(parameters('factoryName'), '/LS_edmsbxsea_adbk')]",
			"type": "Microsoft.DataFactory/factories/linkedServices",
			"apiVersion": "2018-06-01",
			"properties": {
				"annotations": [],
				"type": "AzureDatabricks",
				"typeProperties": {
					"domain": "https://adb-8045677374177174.14.azuredatabricks.net",
					"authentication": "MSI",
					"workspaceResourceId": "/subscriptions/e87cf38c-8f6f-4cb2-a8ec-886a94bc28d5/resourceGroups/edm-sbx-sea-rg/providers/Microsoft.Databricks/workspaces/edm-sbx-sea-adbk",
					"existingClusterId": "0409-081727-gulfs718"
				},
				"connectVia": {
					"referenceName": "SelfHostedIntegrationRuntime",
					"type": "IntegrationRuntimeReference"
				}
			},
			"dependsOn": []
		}
	]
}