{
	"$schema": "http://schema.management.azure.com/schemas/2015-01-01/deploymentTemplate.json#",
	"contentVersion": "1.0.0.0",
	"parameters": {
		"factoryName": {
			"type": "string",
			"metadata": "Data Factory name",
			"defaultValue": "edm-sbx-sea-adf"
		}
	},
	"variables": {
		"factoryId": "[concat('Microsoft.DataFactory/factories/', parameters('factoryName'))]"
	},
	"resources": [
		{
			"name": "[concat(parameters('factoryName'), '/Get User Name')]",
			"type": "Microsoft.DataFactory/factories/pipelines",
			"apiVersion": "2018-06-01",
			"properties": {
				"activities": [
					{
						"name": "Get Token",
						"type": "WebActivity",
						"dependsOn": [],
						"policy": {
							"timeout": "7.00:00:00",
							"retry": 0,
							"retryIntervalInSeconds": 30,
							"secureOutput": false,
							"secureInput": false
						},
						"userProperties": [],
						"typeProperties": {
							"url": "https://login.microsoftonline.com/502f8483-2aef-4fcc-b127-93bc1263aac0/oauth2/v2.0/token",
							"method": "POST",
							"headers": {
								"Content-Type": "application/x-www-form-urlencoded"
							},
							"body": "tenant=502f8483-2aef-4fcc-b127-93bc1263aac0&client_id=11209e50-9b0c-4792-b91a-40abce862e39&client_secret=_o_kU5-MEMVC~Q~AO9dH4Wr2E5-ujcjC6d&grant_type=client_credentials&scope=https://graph.microsoft.com/.default"
						}
					},
					{
						"name": "Get User",
						"type": "WebActivity",
						"dependsOn": [
							{
								"activity": "Get Token",
								"dependencyConditions": [
									"Succeeded"
								]
							}
						],
						"policy": {
							"timeout": "7.00:00:00",
							"retry": 0,
							"retryIntervalInSeconds": 30,
							"secureOutput": false,
							"secureInput": false
						},
						"userProperties": [],
						"typeProperties": {
							"url": "https://graph.microsoft.com/v1.0/users",
							"method": "GET",
							"headers": {
								"Authorization": {
									"value": "@concat('Bearer ', activity('Get Token').output.access_token)",
									"type": "Expression"
								}
							}
						}
					},
					{
						"name": "Get User Groups",
						"type": "WebActivity",
						"dependsOn": [
							{
								"activity": "Get User",
								"dependencyConditions": [
									"Succeeded"
								]
							}
						],
						"policy": {
							"timeout": "7.00:00:00",
							"retry": 0,
							"retryIntervalInSeconds": 30,
							"secureOutput": false,
							"secureInput": false
						},
						"userProperties": [],
						"typeProperties": {
							"url": "https://graph.microsoft.com/v1.0/users/c18afd33-4d32-42e7-afad-7c166ffcafac/getMemberGroups",
							"method": "POST",
							"headers": {
								"Authorization": {
									"value": "@concat('Bearer ', activity('Get Token').output.access_token)",
									"type": "Expression"
								},
								"Content-Type": "application/json"
							},
							"body": "{securityEnabledOnly:true}"
						}
					},
					{
						"name": "Get Group Name",
						"type": "WebActivity",
						"dependsOn": [
							{
								"activity": "Get User Groups",
								"dependencyConditions": [
									"Succeeded"
								]
							}
						],
						"policy": {
							"timeout": "7.00:00:00",
							"retry": 0,
							"retryIntervalInSeconds": 30,
							"secureOutput": false,
							"secureInput": false
						},
						"userProperties": [],
						"typeProperties": {
							"url": "https://graph.microsoft.com/v1.0/groups/37418bd3-cd39-4df6-ba4d-9353840ec379",
							"method": "GET",
							"headers": {
								"Authorization": {
									"value": "@concat('Bearer ', activity('Get Token').output.access_token)",
									"type": "Expression"
								}
							}
						}
					}
				],
				"annotations": []
			},
			"dependsOn": []
		},
		{
			"name": "[concat(parameters('factoryName'), '/LS_EDMP_Adbk_BatchIngestion_ExistingInstancePool')]",
			"type": "Microsoft.DataFactory/factories/linkedServices",
			"apiVersion": "2018-06-01",
			"properties": {
				"description": "Linked Service for the Instance pools",
				"parameters": {
					"InstancePoolId": {
						"type": "string",
						"defaultValue": "0609-025219-chef542-pool-8hQtBpXB"
					},
					"ClusterVersion": {
						"type": "string",
						"defaultValue": "7.3.x-scala2.12"
					},
					"WorkerOptions": {
						"type": "string",
						"defaultValue": "1:3"
					},
					"ProjectCode": {
						"type": "string",
						"defaultValue": "POCProject001"
					}
				},
				"annotations": [],
				"type": "AzureDatabricks",
				"typeProperties": {
					"domain": "https://adb-8045677374177174.14.azuredatabricks.net",
					"authentication": "MSI",
					"workspaceResourceId": "/subscriptions/e87cf38c-8f6f-4cb2-a8ec-886a94bc28d5/resourceGroups/edm-sbx-sea-rg/providers/Microsoft.Databricks/workspaces/edm-sbx-sea-adbk",
					"instancePoolId": "@linkedService().InstancePoolId",
					"newClusterNumOfWorker": "@linkedService().WorkerOptions",
					"newClusterSparkConf": {
						"ProtegrityConf1": "spark.executor.extraJavaOptions -Djpeplite=/opt/protegrity/jpeplite/lib/jpeplite.plm",
						"ProtegrityConf2": "spark.driver.extraJavaOptions -Djpeplite=/opt/protegrity/jpeplite/lib/jpeplite.plm"
					},
					"newClusterSparkEnvVars": {
						"PYSPARK_PYTHON": "/databricks/python3/bin/python3"
					},
					"newClusterCustomTags": {
						"ProjectCode": {
							"value": "@linkedService().ProjectCode",
							"type": "Expression"
						}
					},
					"newClusterVersion": "@linkedService().ClusterVersion",
					"newClusterInitScripts": [
						"dbfs:/BDP_Init_Script_7.2.0.17-RC_pty.sh"
					]
				}
			},
			"dependsOn": []
		}
	]
}