{
	"$schema": "http://schema.management.azure.com/schemas/2015-01-01/deploymentTemplate.json#",
	"contentVersion": "1.0.0.0",
	"parameters": {
		"factoryName": {
			"type": "string",
			"metadata": "Data Factory name",
			"defaultValue": "edm-sbx-sea-adf"
		}
	},
	"variables": {
		"factoryId": "[concat('Microsoft.DataFactory/factories/', parameters('factoryName'))]"
	},
	"resources": [
		{
			"name": "[concat(parameters('factoryName'), '/DS_EDM_Adls_EnvConfig')]",
			"type": "Microsoft.DataFactory/factories/datasets",
			"apiVersion": "2018-06-01",
			"properties": {
				"linkedServiceName": {
					"referenceName": "LS_edmsbxsea_adls",
					"type": "LinkedServiceReference"
				},
				"parameters": {
					"FileSystem": {
						"type": "string"
					},
					"ConfigFileName": {
						"type": "string"
					}
				},
				"annotations": [],
				"type": "Json",
				"typeProperties": {
					"location": {
						"type": "AzureBlobFSLocation",
						"fileName": {
							"value": "@dataset().ConfigFileName",
							"type": "Expression"
						},
						"fileSystem": {
							"value": "@dataset().FileSystem",
							"type": "Expression"
						}
					}
				},
				"schema": {}
			},
			"dependsOn": []
		}
	]
}