{
	"$schema": "http://schema.management.azure.com/schemas/2015-01-01/deploymentTemplate.json#",
	"contentVersion": "1.0.0.0",
	"parameters": {
		"factoryName": {
			"type": "string",
			"metadata": "Data Factory name",
			"defaultValue": "edm-sbx-sea-adf"
		}
	},
	"variables": {
		"factoryId": "[concat('Microsoft.DataFactory/factories/', parameters('factoryName'))]"
	},
	"resources": [
		{
			"name": "[concat(parameters('factoryName'), '/TR_Generate_Control_File')]",
			"type": "Microsoft.DataFactory/factories/triggers",
			"apiVersion": "2018-06-01",
			"properties": {
				"description": "Trigger to read source file information from meta store and generate control file for further processing.",
				"annotations": [],
				"runtimeState": "Stopped",
				"pipeline": {
					"pipelineReference": {
						"referenceName": "PL_EDM_BatchIngestion_GenerateControlFile",
						"type": "PipelineReference"
					}
				},
				"type": "TumblingWindowTrigger",
				"typeProperties": {
					"frequency": "Minute",
					"interval": 5,
					"startTime": "2021-07-27T10:40:00Z",
					"delay": "00:00:00",
					"maxConcurrency": 50,
					"retryPolicy": {
						"intervalInSeconds": 30
					},
					"dependsOn": [
						{
							"type": "SelfDependencyTumblingWindowTriggerReference",
							"offset": "-0.00:05:00"
						}
					]
				}
			},
			"dependsOn": []
		},
		{
			"name": "[concat(parameters('factoryName'), '/TR_Landing_Raw')]",
			"type": "Microsoft.DataFactory/factories/triggers",
			"apiVersion": "2018-06-01",
			"properties": {
				"description": "Trigger to initiate landing to raw processing based on control file",
				"annotations": [],
				"runtimeState": "Stopped",
				"pipelines": [
					{
						"pipelineReference": {
							"referenceName": "PL_EDM_BatchIngestion_LandingtoRaw",
							"type": "PipelineReference"
						},
						"parameters": {
							"filename": "@triggerBody().fileName",
							"filepath": "@triggerBody().folderPath"
						}
					}
				],
				"type": "BlobEventsTrigger",
				"typeProperties": {
					"blobPathBeginsWith": "/intermediate/blobs/",
					"ignoreEmptyBlobs": false,
					"scope": "/subscriptions/e87cf38c-8f6f-4cb2-a8ec-886a94bc28d5/resourceGroups/edm-sbx-sea-rg/providers/Microsoft.Storage/storageAccounts/edmsbxsealandsa",
					"events": [
						"Microsoft.Storage.BlobCreated"
					]
				}
			},
			"dependsOn": []
		},
		{
			"name": "[concat(parameters('factoryName'), '/TR_Process_Landing_Files')]",
			"type": "Microsoft.DataFactory/factories/triggers",
			"apiVersion": "2018-06-01",
			"properties": {
				"description": "Trigger to read landing files as and when they arrive in the storage",
				"annotations": [],
				"runtimeState": "Stopped",
				"pipelines": [
					{
						"pipelineReference": {
							"referenceName": "PL_EDM_BatchIngestion_ProcessLandingFiles",
							"type": "PipelineReference"
						},
						"parameters": {
							"FilePath": "@triggerBody().folderPath",
							"FileName": "@triggerBody().fileName"
						}
					}
				],
				"type": "BlobEventsTrigger",
				"typeProperties": {
					"blobPathBeginsWith": "/incoming/blobs/data",
					"ignoreEmptyBlobs": false,
					"scope": "/subscriptions/e87cf38c-8f6f-4cb2-a8ec-886a94bc28d5/resourceGroups/edm-sbx-sea-rg/providers/Microsoft.Storage/storageAccounts/edmsbxsealandsa",
					"events": [
						"Microsoft.Storage.BlobCreated"
					]
				}
			},
			"dependsOn": []
		},
		{
			"name": "[concat(parameters('factoryName'), '/TR_Raw_Standardized')]",
			"type": "Microsoft.DataFactory/factories/triggers",
			"apiVersion": "2018-06-01",
			"properties": {
				"description": "Trigger to execute raw to standardized pipeline",
				"annotations": [],
				"runtimeState": "Stopped",
				"pipelines": [
					{
						"pipelineReference": {
							"referenceName": "PL_EDM_BatchIngestion_RawToStandardized",
							"type": "PipelineReference"
						},
						"parameters": {
							"FrequencyDurationUnit": "Day",
							"ConfigFileSystem": "raw",
							"ConfigFileName": "scb_env_config.json"
						}
					}
				],
				"type": "ScheduleTrigger",
				"typeProperties": {
					"recurrence": {
						"frequency": "Minute",
						"interval": 5,
						"startTime": "2021-07-30T10:40:00Z",
						"timeZone": "UTC"
					}
				}
			},
			"dependsOn": []
		}
	]
}