{
	"$schema": "http://schema.management.azure.com/schemas/2015-01-01/deploymentTemplate.json#",
	"contentVersion": "1.0.0.0",
	"parameters": {
		"factoryName": {
			"type": "string",
			"metadata": "Data Factory name",
			"defaultValue": "edm-sbx-sea-adf"
		}
	},
	"variables": {
		"factoryId": "[concat('Microsoft.DataFactory/factories/', parameters('factoryName'))]"
	},
	"resources": [
		{
			"name": "[concat(parameters('factoryName'), '/PL_EDM_Sync_ADBK_Synapse_Tables')]",
			"type": "Microsoft.DataFactory/factories/pipelines",
			"apiVersion": "2018-06-01",
			"properties": {
				"activities": [
					{
						"name": "Read Config File",
						"type": "Lookup",
						"dependsOn": [],
						"policy": {
							"timeout": "7.00:00:00",
							"retry": 0,
							"retryIntervalInSeconds": 30,
							"secureOutput": false,
							"secureInput": false
						},
						"userProperties": [],
						"typeProperties": {
							"source": {
								"type": "JsonSource",
								"storeSettings": {
									"type": "AzureBlobFSReadSettings",
									"recursive": true,
									"enablePartitionDiscovery": false
								},
								"formatSettings": {
									"type": "JsonReadSettings"
								}
							},
							"dataset": {
								"referenceName": "DS_EDMP_Adls_EnvConfig",
								"type": "DatasetReference",
								"parameters": {
									"FileSystem": {
										"value": "@pipeline().parameters.ConfigFileSystem",
										"type": "Expression"
									},
									"ConfigFileName": {
										"value": "@pipeline().parameters.ConfigFileName",
										"type": "Expression"
									}
								}
							},
							"firstRowOnly": false
						}
					},
					{
						"name": "Set ADLS Account Name",
						"type": "SetVariable",
						"dependsOn": [
							{
								"activity": "Read Config File",
								"dependencyConditions": [
									"Succeeded"
								]
							}
						],
						"userProperties": [],
						"typeProperties": {
							"variableName": "adls_account_name",
							"value": {
								"value": "@activity('Read Config File').output.value[0]['adls_details']['name']",
								"type": "Expression"
							}
						}
					},
					{
						"name": "Set Keyvault Name",
						"type": "SetVariable",
						"dependsOn": [
							{
								"activity": "Read Config File",
								"dependencyConditions": [
									"Succeeded"
								]
							}
						],
						"userProperties": [],
						"typeProperties": {
							"variableName": "kv_name",
							"value": {
								"value": "@activity('Read Config File').output.value[0]['keyvault']['name']",
								"type": "Expression"
							}
						}
					},
					{
						"name": "Set SPN id",
						"type": "SetVariable",
						"dependsOn": [
							{
								"activity": "Read Config File",
								"dependencyConditions": [
									"Succeeded"
								]
							}
						],
						"userProperties": [],
						"typeProperties": {
							"variableName": "spn_id",
							"value": {
								"value": "@activity('Read Config File').output.value[0]['spn_credentials']['spn_id']",
								"type": "Expression"
							}
						}
					},
					{
						"name": "Set Tenant Id",
						"type": "SetVariable",
						"dependsOn": [
							{
								"activity": "Read Config File",
								"dependencyConditions": [
									"Succeeded"
								]
							}
						],
						"userProperties": [],
						"typeProperties": {
							"variableName": "tenant_id",
							"value": {
								"value": "@activity('Read Config File').output.value[0]['tenant_id']",
								"type": "Expression"
							}
						}
					},
					{
						"name": "Sync Delta and Polybase Tables",
						"type": "DatabricksNotebook",
						"dependsOn": [
							{
								"activity": "Get SPN Secret",
								"dependencyConditions": [
									"Succeeded"
								]
							}
						],
						"policy": {
							"timeout": "7.00:00:00",
							"retry": 0,
							"retryIntervalInSeconds": 30,
							"secureOutput": false,
							"secureInput": false
						},
						"userProperties": [],
						"typeProperties": {
							"notebookPath": "/Shared/FinalNotebooks/disaster_recovery_sync_delta_polybase_tables",
							"baseParameters": {
								"ingestion_type": {
									"value": "@pipeline().parameters.IngestionType",
									"type": "Expression"
								},
								"adls_account_name": {
									"value": "@variables('adls_account_name')",
									"type": "Expression"
								},
								"kv_name": {
									"value": "@variables('kv_name')",
									"type": "Expression"
								},
								"config_path": {
									"value": "@pipeline().parameters.ConfigFileName",
									"type": "Expression"
								},
								"synapse_server_name": {
									"value": "@pipeline().parameters.SynapseServerName",
									"type": "Expression"
								},
								"synapse_db": {
									"value": "@pipeline().parameters.SynapseDb",
									"type": "Expression"
								},
								"spn_id": {
									"value": "@variables('spn_id')",
									"type": "Expression"
								},
								"tenant_id": {
									"value": "@variables('tenant_id')",
									"type": "Expression"
								}
							},
							"libraries": [
								{
									"whl": "dbfs:/edm-_Build.BuildNumber_-py3-none-any.whl"
								},
								{
									"pypi": {
										"package": "azure-identity==1.2.0"
									}
								},
								{
									"pypi": {
										"package": "opencensus-ext-azure==1.0.2"
									}
								},
								{
									"pypi": {
										"package": "azure-keyvault==1.1.0"
									}
								},
								{
									"pypi": {
										"package": "azure-keyvault-secrets==4.0.1"
									}
								},
								{
									"pypi": {
										"package": "pyodbc==4.0.30"
									}
								},
								{
									"pypi": {
										"package": "dotted"
									}
								},
								{
									"pypi": {
										"package": "xmltodict==0.12.0"
									}
								}
							]
						},
						"linkedServiceName": {
							"referenceName": "LS_EDM_ADBK_DisasterRecovery",
							"type": "LinkedServiceReference",
							"parameters": {
								"SPNPassword": {
									"value": "@activity('Get SPN Secret').output.value",
									"type": "Expression"
								}
							}
						}
					},
					{
						"name": "Get SPN Secret",
						"type": "WebActivity",
						"dependsOn": [
							{
								"activity": "Set ADLS Account Name",
								"dependencyConditions": [
									"Succeeded"
								]
							},
							{
								"activity": "Set Keyvault Name",
								"dependencyConditions": [
									"Succeeded"
								]
							},
							{
								"activity": "Set SPN id",
								"dependencyConditions": [
									"Succeeded"
								]
							},
							{
								"activity": "Set Tenant Id",
								"dependencyConditions": [
									"Succeeded"
								]
							}
						],
						"policy": {
							"timeout": "7.00:00:00",
							"retry": 0,
							"retryIntervalInSeconds": 30,
							"secureOutput": false,
							"secureInput": false
						},
						"userProperties": [],
						"typeProperties": {
							"url": {
								"value": "@concat(pipeline().parameters.SPNKeyURL,'?api-version=7.0')",
								"type": "Expression"
							},
							"method": "GET",
							"authentication": {
								"type": "MSI",
								"resource": "https://vault.azure.net"
							}
						}
					}
				],
				"parameters": {
					"IngestionType": {
						"type": "string"
					},
					"SynapseServerName": {
						"type": "string"
					},
					"SynapseDb": {
						"type": "string"
					},
					"ConfigFileName": {
						"type": "string",
						"defaultValue": "scb_env_config.json"
					},
					"ConfigFileSystem": {
						"type": "string",
						"defaultValue": "raw"
					},
					"SPNKeyURL": {
						"type": "string",
						"defaultValue": "https://shared-sbx-sea-keyvault.vault.azure.net/secrets/SpnSecretID/aa8a3381280b4d118dbf944294ca501d"
					}
				},
				"variables": {
					"adls_account_name": {
						"type": "String"
					},
					"kv_name": {
						"type": "String"
					},
					"spn_id": {
						"type": "String"
					},
					"spn_password": {
						"type": "String"
					},
					"tenant_id": {
						"type": "String"
					}
				},
				"folder": {
					"name": "Disaster Recovery"
				},
				"annotations": []
			},
			"dependsOn": []
		}
	]
}