{
	"$schema": "http://schema.management.azure.com/schemas/2015-01-01/deploymentTemplate.json#",
	"contentVersion": "1.0.0.0",
	"parameters": {
		"factoryName": {
			"type": "string",
			"metadata": "Data Factory name",
			"defaultValue": "edm-sbx-sea-adf"
		}
	},
	"variables": {
		"factoryId": "[concat('Microsoft.DataFactory/factories/', parameters('factoryName'))]"
	},
	"resources": [
		{
			"name": "[concat(parameters('factoryName'), '/PL_EDM_BatchIngestion_GenerateControlFile')]",
			"type": "Microsoft.DataFactory/factories/pipelines",
			"apiVersion": "2018-06-01",
			"properties": {
				"description": "This pipeline look for new files from the SQL ETLLog.SourceFileProcessLog table and generates a control file on source level in intermediate zone. This control file acts as an input for LandingToRaw processing.",
				"activities": [
					{
						"name": "Look Up Source Name",
						"description": "Look up source names from SQL DB",
						"type": "Lookup",
						"dependsOn": [],
						"policy": {
							"timeout": "7.00:00:00",
							"retry": 0,
							"retryIntervalInSeconds": 30,
							"secureOutput": false,
							"secureInput": false
						},
						"userProperties": [],
						"typeProperties": {
							"source": {
								"type": "AzureSqlSource",
								"sqlReaderStoredProcedureName": "[[ETLlog].[uspGetSourceName]",
								"storedProcedureParameters": {
									"SourceFileStatus": {
										"type": "String",
										"value": "Not Processed"
									}
								},
								"queryTimeout": "02:00:00",
								"partitionOption": "None"
							},
							"dataset": {
								"referenceName": "DS_edmsbxsea_asql",
								"type": "DatasetReference"
							},
							"firstRowOnly": false
						}
					},
					{
						"name": "For Each Source",
						"description": "Loop through all the sources",
						"type": "ForEach",
						"dependsOn": [
							{
								"activity": "Look Up Source Name",
								"dependencyConditions": [
									"Succeeded"
								]
							}
						],
						"userProperties": [],
						"typeProperties": {
							"items": {
								"value": "@activity('Look Up Source Name').output.value",
								"type": "Expression"
							},
							"activities": [
								{
									"name": "Create Control File",
									"description": "Generate a control file for each source and place in intermediate zone",
									"type": "Copy",
									"dependsOn": [],
									"policy": {
										"timeout": "7.00:00:00",
										"retry": 0,
										"retryIntervalInSeconds": 30,
										"secureOutput": false,
										"secureInput": false
									},
									"userProperties": [],
									"typeProperties": {
										"source": {
											"type": "AzureSqlSource",
											"sqlReaderStoredProcedureName": "[[ETLlog].[uspGetSourceFiles]",
											"storedProcedureParameters": {
												"SourceFileStatus": {
													"type": "String",
													"value": "Not Processed"
												},
												"SourceName": {
													"type": "String",
													"value": {
														"value": "@item().Source",
														"type": "Expression"
													}
												}
											},
											"queryTimeout": "02:00:00",
											"partitionOption": "None"
										},
										"sink": {
											"type": "DelimitedTextSink",
											"storeSettings": {
												"type": "AzureBlobStorageWriteSettings"
											},
											"formatSettings": {
												"type": "DelimitedTextWriteSettings",
												"quoteAllText": true,
												"fileExtension": ".txt"
											}
										},
										"enableStaging": false,
										"translator": {
											"type": "TabularTranslator",
											"typeConversion": true,
											"typeConversionSettings": {
												"allowDataTruncation": true,
												"treatBooleanAsNumber": false
											}
										}
									},
									"inputs": [
										{
											"referenceName": "DS_edmsbxsea_asql",
											"type": "DatasetReference"
										}
									],
									"outputs": [
										{
											"referenceName": "DS_edmsbxsea_ablb_intermediate",
											"type": "DatasetReference",
											"parameters": {
												"FolderName": {
													"value": "@item().Source",
													"type": "Expression"
												},
												"FileName": {
													"value": "@concat(item().source,'_input_',formatDateTime(utcnow(),'yyyyMMddTHHmmss'),'.csv')",
													"type": "Expression"
												}
											}
										}
									]
								}
							]
						}
					}
				],
				"folder": {
					"name": "Batch Ingestion"
				},
				"annotations": []
			},
			"dependsOn": []
		},
		{
			"name": "[concat(parameters('factoryName'), '/PL_EDM_BatchIngestion_ProcessLandingFiles')]",
			"type": "Microsoft.DataFactory/factories/pipelines",
			"apiVersion": "2018-06-01",
			"properties": {
				"description": "Pipeline to process source files from landing zone, get their metadata and store in a separate csv file.",
				"activities": [
					{
						"name": "Process Landing Files",
						"description": "Process Landing files received from storage account trigger and create an entry in SQL DB into ETLLog.SourceFileProcessLog table",
						"type": "Lookup",
						"dependsOn": [],
						"policy": {
							"timeout": "7.00:00:00",
							"retry": 0,
							"retryIntervalInSeconds": 30,
							"secureOutput": false,
							"secureInput": false
						},
						"userProperties": [],
						"typeProperties": {
							"source": {
								"type": "AzureSqlSource",
								"sqlReaderStoredProcedureName": "[[ETLlog].[uspInsertPipelineLog]",
								"storedProcedureParameters": {
									"FileName": {
										"type": "String",
										"value": {
											"value": "@pipeline().parameters.FileName",
											"type": "Expression"
										}
									},
									"FilePath": {
										"type": "String",
										"value": {
											"value": "@pipeline().parameters.FilePath",
											"type": "Expression"
										}
									},
									"LoadType": {
										"type": "String",
										"value": "PROCESSSOURCEFILE"
									},
									"ObjectLoadStartDateTime": {
										"type": "DateTime",
										"value": {
											"value": "@formatDateTime(utcnow(), 'dd-MMM-yyyy HH:mm:ss')",
											"type": "Expression"
										}
									},
									"ParentPipelineLogID": {
										"type": "Int32",
										"value": null
									},
									"PipeLineName": {
										"type": "String",
										"value": {
											"value": "@pipeline().Pipeline",
											"type": "Expression"
										}
									},
									"PipelineRunID": {
										"type": "Guid",
										"value": {
											"value": "@pipeline().RunId",
											"type": "Expression"
										}
									},
									"RawFileStatus": {
										"type": "String",
										"value": "Not Processed"
									},
									"SourceFileStatus": {
										"type": "String",
										"value": "Not Processed"
									},
									"SourceObjectID": {
										"type": "Int32",
										"value": null
									}
								},
								"queryTimeout": "02:00:00",
								"partitionOption": "None"
							},
							"dataset": {
								"referenceName": "DS_edmsbxsea_asql",
								"type": "DatasetReference"
							},
							"firstRowOnly": false
						}
					}
				],
				"parameters": {
					"FilePath": {
						"type": "string"
					},
					"FileName": {
						"type": "string"
					}
				},
				"folder": {
					"name": "Batch Ingestion"
				},
				"annotations": []
			},
			"dependsOn": []
		}
	]
}