{
	"$schema": "http://schema.management.azure.com/schemas/2015-01-01/deploymentTemplate.json#",
	"contentVersion": "1.0.0.0",
	"parameters": {
		"factoryName": {
			"type": "string",
			"metadata": "Data Factory name",
			"defaultValue": "edm-sbx-sea-adf"
		}
	},
	"variables": {
		"factoryId": "[concat('Microsoft.DataFactory/factories/', parameters('factoryName'))]"
	},
	"resources": [
		{
			"name": "[concat(parameters('factoryName'), '/PL_EDM_ArchiveETLLogs')]",
			"type": "Microsoft.DataFactory/factories/pipelines",
			"apiVersion": "2018-06-01",
			"properties": {
				"activities": [
					{
						"name": "Pipeline Log Stored Procedure",
						"type": "Lookup",
						"dependsOn": [],
						"policy": {
							"timeout": "7.00:00:00",
							"retry": 0,
							"retryIntervalInSeconds": 30,
							"secureOutput": false,
							"secureInput": false
						},
						"userProperties": [],
						"typeProperties": {
							"source": {
								"type": "AzureSqlSource",
								"sqlReaderStoredProcedureName": "[[ETLlog].[uspInsertPipelineLog]",
								"storedProcedureParameters": {
									"ParentPipelineLogID": {
										"value": null
									},
									"SourceObjectID": {
										"value": null
									},
									"PipelineRunID": {
										"value": {
											"value": "@pipeline().RunId",
											"type": "Expression"
										}
									},
									"LoadType": {
										"value": "Archive ETL Logs"
									},
									"ObjectLoadStartDateTime": {
										"value": {
											"value": "@formatDateTime(utcnow(), 'dd-MMM-yyyy HH:mm:ss')",
											"type": "Expression"
										}
									},
									"FileName": {
										"value": null
									},
									"PipeLineName": {
										"value": {
											"value": "@pipeline().Pipeline",
											"type": "Expression"
										}
									}
								},
								"queryTimeout": "02:00:00",
								"partitionOption": "None"
							},
							"dataset": {
								"referenceName": "DS_edmsbxsea_asql",
								"type": "DatasetReference"
							},
							"firstRowOnly": false
						}
					},
					{
						"name": "Update Pipeline Log",
						"type": "SqlServerStoredProcedure",
						"dependsOn": [
							{
								"activity": "Archive ETL Logs",
								"dependencyConditions": [
									"Succeeded"
								]
							}
						],
						"policy": {
							"timeout": "7.00:00:00",
							"retry": 0,
							"retryIntervalInSeconds": 30,
							"secureOutput": false,
							"secureInput": false
						},
						"userProperties": [],
						"typeProperties": {
							"storedProcedureName": "[[ETLlog].[uspUpdatePipelineLog]",
							"storedProcedureParameters": {
								"PipelineLogID": {
									"value": {
										"value": "@activity('Pipeline Log Stored Procedure').output.value[0].PipelineLogID",
										"type": "Expression"
									},
									"type": "Int64"
								},
								"SourceFileProcessLogID": {
									"value": null,
									"type": "Int64"
								},
								"SourceCount": {
									"value": null,
									"type": "Int64"
								},
								"TargetCount": {
									"value": null,
									"type": "Int64"
								},
								"ErrorCount": {
									"value": null,
									"type": "Int64"
								},
								"IsLandingToRawProcessed": {
									"value": null,
									"type": "Single"
								},
								"IsRawtoStandardisedProcessed": {
									"value": null,
									"type": "Single"
								},
								"PipelineStatus": {
									"value": "Succeeded",
									"type": "String"
								},
								"SourceObjectId": {
									"value": null,
									"type": "Int64"
								},
								"SourceId": {
									"value": null,
									"type": "Int64"
								}
							}
						},
						"linkedServiceName": {
							"referenceName": "LS_edmsbxsea_asql",
							"type": "LinkedServiceReference"
						}
					},
					{
						"name": "Archive ETL Logs",
						"type": "SqlServerStoredProcedure",
						"dependsOn": [
							{
								"activity": "Pipeline Log Stored Procedure",
								"dependencyConditions": [
									"Succeeded"
								]
							}
						],
						"policy": {
							"timeout": "7.00:00:00",
							"retry": 0,
							"retryIntervalInSeconds": 30,
							"secureOutput": false,
							"secureInput": false
						},
						"userProperties": [],
						"typeProperties": {
							"storedProcedureName": "[[ETLlog].[uspArchiveETLLogs]",
							"storedProcedureParameters": {
								"RetentionPeriod": {
									"value": {
										"value": "@pipeline().parameters.RetentionPeriod",
										"type": "Expression"
									},
									"type": "Int32"
								}
							}
						},
						"linkedServiceName": {
							"referenceName": "LS_edmsbxsea_asql",
							"type": "LinkedServiceReference"
						}
					},
					{
						"name": "Update Pipeline Error Log",
						"type": "SqlServerStoredProcedure",
						"dependsOn": [
							{
								"activity": "Archive ETL Logs",
								"dependencyConditions": [
									"Failed"
								]
							}
						],
						"policy": {
							"timeout": "7.00:00:00",
							"retry": 0,
							"retryIntervalInSeconds": 30,
							"secureOutput": false,
							"secureInput": false
						},
						"userProperties": [],
						"typeProperties": {
							"storedProcedureName": "[[ETLlog].[uspUpdatePipelineLog]",
							"storedProcedureParameters": {
								"Details": {
									"value": "False",
									"type": "Boolean"
								},
								"ErrorCount": {
									"value": null,
									"type": "Int64"
								},
								"IsCDCFile": {
									"value": null,
									"type": "Boolean"
								},
								"IsLandingToRawProcessed": {
									"value": null,
									"type": "Boolean"
								},
								"IsRawtoStandardisedProcessed": {
									"value": null,
									"type": "Boolean"
								},
								"PipelineLogID": {
									"value": {
										"value": "@activity('Pipeline Log Stored Procedure').output.value[0].PipelineLogID",
										"type": "Expression"
									},
									"type": "Int32"
								},
								"PipelineStatus": {
									"value": "Failed",
									"type": "String"
								},
								"RawFileStatus": {
									"value": null,
									"type": "String"
								},
								"RawPath": {
									"value": null,
									"type": "String"
								},
								"SourceCount": {
									"value": null,
									"type": "Int64"
								},
								"SourceFileProcessLogID": {
									"value": null,
									"type": "Int32"
								},
								"SourceFileStatus": {
									"value": null,
									"type": "String"
								},
								"SourceId": {
									"value": null,
									"type": "Int32"
								},
								"SourceObjectId": {
									"value": null,
									"type": "Int32"
								},
								"TargetCount": {
									"value": null,
									"type": "Int64"
								}
							}
						},
						"linkedServiceName": {
							"referenceName": "LS_edmsbxsea_asql",
							"type": "LinkedServiceReference"
						}
					}
				],
				"parameters": {
					"RetentionPeriod": {
						"type": "int",
						"defaultValue": 60
					}
				},
				"variables": {
					"DatabricksKey": {
						"type": "String"
					}
				},
				"annotations": []
			},
			"dependsOn": []
		},
		{
			"name": "[concat(parameters('factoryName'), '/PL_EDM_BatchIngestion_DeleteJobPool')]",
			"type": "Microsoft.DataFactory/factories/pipelines",
			"apiVersion": "2018-06-01",
			"properties": {
				"activities": [
					{
						"name": "ForEachPool",
						"type": "ForEach",
						"dependsOn": [
							{
								"activity": "Set Databricks Key",
								"dependencyConditions": [
									"Succeeded"
								]
							}
						],
						"userProperties": [],
						"typeProperties": {
							"items": {
								"value": "@activity('Get Pools To Be Deleted').output.value",
								"type": "Expression"
							},
							"activities": [
								{
									"name": "Create Job Pools",
									"type": "WebActivity",
									"dependsOn": [],
									"policy": {
										"timeout": "7.00:00:00",
										"retry": 0,
										"retryIntervalInSeconds": 30,
										"secureOutput": false,
										"secureInput": false
									},
									"userProperties": [],
									"typeProperties": {
										"url": {
											"value": "@pipeline().parameters.DatabricksWorkspaceUrl",
											"type": "Expression"
										},
										"method": "POST",
										"headers": {
											"Authorization": {
												"value": "@variables('DatabricksKey')",
												"type": "Expression"
											}
										},
										"body": {
											"value": "@json(item().ConfigurationBody)",
											"type": "Expression"
										}
									}
								},
								{
									"name": "DeletePoolConfigurationLog",
									"type": "SqlServerStoredProcedure",
									"dependsOn": [
										{
											"activity": "Create Job Pools",
											"dependencyConditions": [
												"Succeeded"
											]
										}
									],
									"policy": {
										"timeout": "7.00:00:00",
										"retry": 0,
										"retryIntervalInSeconds": 30,
										"secureOutput": false,
										"secureInput": false
									},
									"userProperties": [],
									"typeProperties": {
										"storedProcedureName": "[[ETLlog].[uspUpdatePoolConfigurationLog]",
										"storedProcedureParameters": {
											"PoolConfigurationID": {
												"value": {
													"value": "@item().PoolConfigurationID",
													"type": "Expression"
												},
												"type": "Int64"
											},
											"InstancePoolId": {
												"value": {
													"value": "@item().InstancePoolId",
													"type": "Expression"
												},
												"type": "String"
											},
											"Mode": {
												"value": "update",
												"type": "String"
											}
										}
									},
									"linkedServiceName": {
										"referenceName": "LS_edmsbxsea_asql",
										"type": "LinkedServiceReference"
									}
								}
							]
						}
					},
					{
						"name": "Get Pools To Be Deleted",
						"type": "Lookup",
						"dependsOn": [
							{
								"activity": "Pipeline Log Stored Procedure",
								"dependencyConditions": [
									"Succeeded"
								]
							}
						],
						"policy": {
							"timeout": "7.00:00:00",
							"retry": 0,
							"retryIntervalInSeconds": 30,
							"secureOutput": false,
							"secureInput": false
						},
						"userProperties": [],
						"typeProperties": {
							"source": {
								"type": "AzureSqlSource",
								"sqlReaderStoredProcedureName": "[[ETLlog].[uspGetActivePools]",
								"queryTimeout": "00:10:00",
								"partitionOption": "None"
							},
							"dataset": {
								"referenceName": "DS_edmsbxsea_asql",
								"type": "DatasetReference"
							},
							"firstRowOnly": false
						}
					},
					{
						"name": "Pipeline Log Stored Procedure",
						"type": "Lookup",
						"dependsOn": [],
						"policy": {
							"timeout": "7.00:00:00",
							"retry": 0,
							"retryIntervalInSeconds": 30,
							"secureOutput": false,
							"secureInput": false
						},
						"userProperties": [],
						"typeProperties": {
							"source": {
								"type": "AzureSqlSource",
								"sqlReaderStoredProcedureName": "[[ETLlog].[uspInsertPipelineLog]",
								"storedProcedureParameters": {
									"ParentPipelineLogID": {
										"value": null
									},
									"SourceObjectID": {
										"value": null
									},
									"PipelineRunID": {
										"value": {
											"value": "@pipeline().RunId",
											"type": "Expression"
										}
									},
									"LoadType": {
										"value": "Job Pool Deletion"
									},
									"ObjectLoadStartDateTime": {
										"value": {
											"value": "@formatDateTime(utcnow(), 'dd-MMM-yyyy HH:mm:ss')",
											"type": "Expression"
										}
									},
									"FileName": {
										"value": null
									},
									"PipeLineName": {
										"value": {
											"value": "@pipeline().Pipeline",
											"type": "Expression"
										}
									}
								},
								"queryTimeout": "02:00:00",
								"partitionOption": "None"
							},
							"dataset": {
								"referenceName": "DS_edmsbxsea_asql",
								"type": "DatasetReference"
							},
							"firstRowOnly": false
						}
					},
					{
						"name": "Update Pipeline Log",
						"type": "SqlServerStoredProcedure",
						"dependsOn": [
							{
								"activity": "ForEachPool",
								"dependencyConditions": [
									"Succeeded"
								]
							}
						],
						"policy": {
							"timeout": "7.00:00:00",
							"retry": 0,
							"retryIntervalInSeconds": 30,
							"secureOutput": false,
							"secureInput": false
						},
						"userProperties": [],
						"typeProperties": {
							"storedProcedureName": "[[ETLlog].[uspUpdatePipelineLog]",
							"storedProcedureParameters": {
								"PipelineLogID": {
									"value": {
										"value": "@activity('Pipeline Log Stored Procedure').output.value[0].PipelineLogID",
										"type": "Expression"
									},
									"type": "Int64"
								},
								"SourceFileProcessLogID": {
									"value": null,
									"type": "Int64"
								},
								"SourceCount": {
									"value": null,
									"type": "Int64"
								},
								"TargetCount": {
									"value": null,
									"type": "Int64"
								},
								"ErrorCount": {
									"value": null,
									"type": "Int64"
								},
								"IsLandingToRawProcessed": {
									"value": null,
									"type": "Single"
								},
								"IsRawtoStandardisedProcessed": {
									"value": null,
									"type": "Single"
								},
								"PipelineStatus": {
									"value": "Succeeded",
									"type": "String"
								},
								"SourceObjectId": {
									"value": null,
									"type": "Int64"
								},
								"SourceId": {
									"value": null,
									"type": "Int64"
								}
							}
						},
						"linkedServiceName": {
							"referenceName": "LS_edmsbxsea_asql",
							"type": "LinkedServiceReference"
						}
					},
					{
						"name": "WebADFDatabricksKey",
						"type": "WebActivity",
						"dependsOn": [
							{
								"activity": "Get Pools To Be Deleted",
								"dependencyConditions": [
									"Succeeded"
								]
							}
						],
						"policy": {
							"timeout": "7.00:00:00",
							"retry": 0,
							"retryIntervalInSeconds": 30,
							"secureOutput": false,
							"secureInput": false
						},
						"userProperties": [],
						"typeProperties": {
							"url": {
								"value": "@concat(pipeline().parameters.DatabricksKeyUrl,'?api-version=7.0')",
								"type": "Expression"
							},
							"method": "GET",
							"authentication": {
								"type": "MSI",
								"resource": "https://vault.azure.net"
							}
						}
					},
					{
						"name": "Set Databricks Key",
						"type": "SetVariable",
						"dependsOn": [
							{
								"activity": "WebADFDatabricksKey",
								"dependencyConditions": [
									"Succeeded"
								]
							}
						],
						"userProperties": [],
						"typeProperties": {
							"variableName": "DatabricksKey",
							"value": {
								"value": "@activity('WebADFDatabricksKey').output.Value",
								"type": "Expression"
							}
						}
					},
					{
						"name": "Update Pipeline Error Log",
						"type": "SqlServerStoredProcedure",
						"dependsOn": [
							{
								"activity": "ForEachPool",
								"dependencyConditions": [
									"Failed"
								]
							}
						],
						"policy": {
							"timeout": "7.00:00:00",
							"retry": 0,
							"retryIntervalInSeconds": 30,
							"secureOutput": false,
							"secureInput": false
						},
						"userProperties": [],
						"typeProperties": {
							"storedProcedureName": "[[ETLlog].[uspUpdatePipelineLog]",
							"storedProcedureParameters": {
								"Details": {
									"value": "False",
									"type": "Boolean"
								},
								"ErrorCount": {
									"value": null,
									"type": "Int64"
								},
								"IsCDCFile": {
									"value": null,
									"type": "Boolean"
								},
								"IsLandingToRawProcessed": {
									"value": null,
									"type": "Boolean"
								},
								"IsRawtoStandardisedProcessed": {
									"value": null,
									"type": "Boolean"
								},
								"PipelineLogID": {
									"value": {
										"value": "@activity('Pipeline Log Stored Procedure').output.value[0].PipelineLogID",
										"type": "Expression"
									},
									"type": "Int32"
								},
								"PipelineStatus": {
									"value": "Failed",
									"type": "String"
								},
								"RawFileStatus": {
									"value": null,
									"type": "String"
								},
								"RawPath": {
									"value": null,
									"type": "String"
								},
								"SourceCount": {
									"value": null,
									"type": "Int64"
								},
								"SourceFileProcessLogID": {
									"value": null,
									"type": "Int32"
								},
								"SourceFileStatus": {
									"value": null,
									"type": "String"
								},
								"SourceId": {
									"value": null,
									"type": "Int32"
								},
								"SourceObjectId": {
									"value": null,
									"type": "Int32"
								},
								"TargetCount": {
									"value": null,
									"type": "Int64"
								}
							}
						},
						"linkedServiceName": {
							"referenceName": "LS_edmsbxsea_asql",
							"type": "LinkedServiceReference"
						}
					}
				],
				"parameters": {
					"DatabricksWorkspaceUrl": {
						"type": "string",
						"defaultValue": "https://adb-8045677374177174.14.azuredatabricks.net/api/2.0/instance-pools/delete"
					},
					"DatabricksKeyUrl": {
						"type": "string",
						"defaultValue": "https://shared-sbx-sea-keyvault.vault.azure.net/secrets/DatabricksKey/b5179ce5743d4f83a9b965ac5f0649f8"
					}
				},
				"variables": {
					"DatabricksKey": {
						"type": "String"
					}
				},
				"folder": {
					"name": "Batch Ingestion"
				},
				"annotations": []
			},
			"dependsOn": []
		},
		{
			"name": "[concat(parameters('factoryName'), '/PL_EDM_BatchIngestion_NewJobPoolCreation')]",
			"type": "Microsoft.DataFactory/factories/pipelines",
			"apiVersion": "2018-06-01",
			"properties": {
				"activities": [
					{
						"name": "ForEachPool",
						"type": "ForEach",
						"dependsOn": [
							{
								"activity": "Soft Delete Current Pools",
								"dependencyConditions": [
									"Succeeded"
								]
							}
						],
						"userProperties": [],
						"typeProperties": {
							"items": {
								"value": "@activity('Get Pools To Be Created').output.value",
								"type": "Expression"
							},
							"activities": [
								{
									"name": "Create Job Pools",
									"type": "WebActivity",
									"dependsOn": [],
									"policy": {
										"timeout": "7.00:00:00",
										"retry": 0,
										"retryIntervalInSeconds": 30,
										"secureOutput": false,
										"secureInput": false
									},
									"userProperties": [],
									"typeProperties": {
										"url": {
											"value": "@pipeline().parameters.DatabricksWorkspaceUrl",
											"type": "Expression"
										},
										"method": "POST",
										"headers": {
											"Authorization": {
												"value": "@variables('DatabricksKey')",
												"type": "Expression"
											}
										},
										"body": {
											"value": "@json(item().ConfigurationBody)",
											"type": "Expression"
										}
									}
								},
								{
									"name": "InsertPoolConfigurationLog",
									"type": "SqlServerStoredProcedure",
									"dependsOn": [
										{
											"activity": "Create Job Pools",
											"dependencyConditions": [
												"Succeeded"
											]
										}
									],
									"policy": {
										"timeout": "7.00:00:00",
										"retry": 0,
										"retryIntervalInSeconds": 30,
										"secureOutput": false,
										"secureInput": false
									},
									"userProperties": [],
									"typeProperties": {
										"storedProcedureName": "[[ETLlog].[uspUpdatePoolConfigurationLog]",
										"storedProcedureParameters": {
											"PoolConfigurationID": {
												"value": {
													"value": "@item().PoolConfigurationID",
													"type": "Expression"
												},
												"type": "Int64"
											},
											"InstancePoolId": {
												"value": {
													"value": "@activity('Create Job Pools').output.instance_pool_id",
													"type": "Expression"
												},
												"type": "String"
											},
											"Mode": {
												"value": "insert",
												"type": "String"
											}
										}
									},
									"linkedServiceName": {
										"referenceName": "LS_edmsbxsea_asql",
										"type": "LinkedServiceReference"
									}
								}
							]
						}
					},
					{
						"name": "Get Pools To Be Created",
						"type": "Lookup",
						"dependsOn": [
							{
								"activity": "Pipeline Log Stored Procedure",
								"dependencyConditions": [
									"Succeeded"
								]
							}
						],
						"policy": {
							"timeout": "7.00:00:00",
							"retry": 0,
							"retryIntervalInSeconds": 30,
							"secureOutput": false,
							"secureInput": false
						},
						"userProperties": [],
						"typeProperties": {
							"source": {
								"type": "AzureSqlSource",
								"sqlReaderStoredProcedureName": "[[Metadata].[uspGetPoolConfig]",
								"queryTimeout": "00:10:00",
								"partitionOption": "None"
							},
							"dataset": {
								"referenceName": "DS_edmsbxsea_asql",
								"type": "DatasetReference"
							},
							"firstRowOnly": false
						}
					},
					{
						"name": "Pipeline Log Stored Procedure",
						"type": "Lookup",
						"dependsOn": [],
						"policy": {
							"timeout": "7.00:00:00",
							"retry": 0,
							"retryIntervalInSeconds": 30,
							"secureOutput": false,
							"secureInput": false
						},
						"userProperties": [],
						"typeProperties": {
							"source": {
								"type": "AzureSqlSource",
								"sqlReaderStoredProcedureName": "[[ETLlog].[uspInsertPipelineLog]",
								"storedProcedureParameters": {
									"ParentPipelineLogID": {
										"value": null
									},
									"SourceObjectID": {
										"value": null
									},
									"PipelineRunID": {
										"value": {
											"value": "@pipeline().RunId",
											"type": "Expression"
										}
									},
									"LoadType": {
										"value": "Job Pool Creation "
									},
									"ObjectLoadStartDateTime": {
										"value": {
											"value": "@formatDateTime(utcnow(), 'dd-MMM-yyyy HH:mm:ss')",
											"type": "Expression"
										}
									},
									"FileName": {
										"value": null
									},
									"PipeLineName": {
										"value": {
											"value": "@pipeline().Pipeline",
											"type": "Expression"
										}
									}
								},
								"queryTimeout": "02:00:00",
								"partitionOption": "None"
							},
							"dataset": {
								"referenceName": "DS_edmsbxsea_asql",
								"type": "DatasetReference"
							},
							"firstRowOnly": false
						}
					},
					{
						"name": "Update Pipeline Log",
						"type": "SqlServerStoredProcedure",
						"dependsOn": [
							{
								"activity": "ForEachPool",
								"dependencyConditions": [
									"Succeeded"
								]
							}
						],
						"policy": {
							"timeout": "7.00:00:00",
							"retry": 0,
							"retryIntervalInSeconds": 30,
							"secureOutput": false,
							"secureInput": false
						},
						"userProperties": [],
						"typeProperties": {
							"storedProcedureName": "[[ETLlog].[uspUpdatePipelineLog]",
							"storedProcedureParameters": {
								"PipelineLogID": {
									"value": {
										"value": "@activity('Pipeline Log Stored Procedure').output.value[0].PipelineLogID",
										"type": "Expression"
									},
									"type": "Int64"
								},
								"SourceFileProcessLogID": {
									"value": null,
									"type": "Int64"
								},
								"SourceCount": {
									"value": null,
									"type": "Int64"
								},
								"TargetCount": {
									"value": null,
									"type": "Int64"
								},
								"ErrorCount": {
									"value": null,
									"type": "Int64"
								},
								"IsLandingToRawProcessed": {
									"value": null,
									"type": "Single"
								},
								"IsRawtoStandardisedProcessed": {
									"value": null,
									"type": "Single"
								},
								"PipelineStatus": {
									"value": "Succeeded",
									"type": "String"
								},
								"SourceObjectId": {
									"value": null,
									"type": "Int64"
								},
								"SourceId": {
									"value": null,
									"type": "Int64"
								}
							}
						},
						"linkedServiceName": {
							"referenceName": "LS_edmsbxsea_asql",
							"type": "LinkedServiceReference"
						}
					},
					{
						"name": "WebADFDatabricksKey",
						"type": "WebActivity",
						"dependsOn": [
							{
								"activity": "Get Pools To Be Created",
								"dependencyConditions": [
									"Succeeded"
								]
							}
						],
						"policy": {
							"timeout": "7.00:00:00",
							"retry": 0,
							"retryIntervalInSeconds": 30,
							"secureOutput": false,
							"secureInput": false
						},
						"userProperties": [],
						"typeProperties": {
							"url": {
								"value": "@concat(pipeline().parameters.DatabricksKeyUrl,'?api-version=7.0')",
								"type": "Expression"
							},
							"method": "GET",
							"authentication": {
								"type": "MSI",
								"resource": "https://vault.azure.net"
							}
						}
					},
					{
						"name": "Set Databricks Key",
						"type": "SetVariable",
						"dependsOn": [
							{
								"activity": "WebADFDatabricksKey",
								"dependencyConditions": [
									"Succeeded"
								]
							}
						],
						"userProperties": [],
						"typeProperties": {
							"variableName": "DatabricksKey",
							"value": {
								"value": "@activity('WebADFDatabricksKey').output.value",
								"type": "Expression"
							}
						}
					},
					{
						"name": "Soft Delete Current Pools",
						"type": "SqlServerStoredProcedure",
						"dependsOn": [
							{
								"activity": "Set Databricks Key",
								"dependencyConditions": [
									"Succeeded"
								]
							}
						],
						"policy": {
							"timeout": "7.00:00:00",
							"retry": 0,
							"retryIntervalInSeconds": 30,
							"secureOutput": false,
							"secureInput": false
						},
						"userProperties": [],
						"typeProperties": {
							"storedProcedureName": "[[ETLlog].[uspSoftDeleteActivePoolConfig]"
						},
						"linkedServiceName": {
							"referenceName": "LS_edmsbxsea_asql",
							"type": "LinkedServiceReference"
						}
					},
					{
						"name": "Update Pipeline Error Log",
						"type": "SqlServerStoredProcedure",
						"dependsOn": [
							{
								"activity": "ForEachPool",
								"dependencyConditions": [
									"Failed"
								]
							}
						],
						"policy": {
							"timeout": "7.00:00:00",
							"retry": 0,
							"retryIntervalInSeconds": 30,
							"secureOutput": false,
							"secureInput": false
						},
						"userProperties": [],
						"typeProperties": {
							"storedProcedureName": "[[ETLlog].[uspUpdatePipelineLog]",
							"storedProcedureParameters": {
								"Details": {
									"value": "False",
									"type": "Boolean"
								},
								"ErrorCount": {
									"value": null,
									"type": "Int64"
								},
								"IsCDCFile": {
									"value": null,
									"type": "Boolean"
								},
								"IsLandingToRawProcessed": {
									"value": null,
									"type": "Boolean"
								},
								"IsRawtoStandardisedProcessed": {
									"value": null,
									"type": "Boolean"
								},
								"PipelineLogID": {
									"value": {
										"value": "@activity('Pipeline Log Stored Procedure').output.value[0].PipelineLogID",
										"type": "Expression"
									},
									"type": "Int32"
								},
								"PipelineStatus": {
									"value": "Failed",
									"type": "String"
								},
								"RawFileStatus": {
									"value": null,
									"type": "String"
								},
								"RawPath": {
									"value": null,
									"type": "String"
								},
								"SourceCount": {
									"value": null,
									"type": "Int64"
								},
								"SourceFileProcessLogID": {
									"value": null,
									"type": "Int32"
								},
								"SourceFileStatus": {
									"value": null,
									"type": "String"
								},
								"SourceId": {
									"value": null,
									"type": "Int32"
								},
								"SourceObjectId": {
									"value": null,
									"type": "Int32"
								},
								"TargetCount": {
									"value": null,
									"type": "Int64"
								}
							}
						},
						"linkedServiceName": {
							"referenceName": "LS_edmsbxsea_asql",
							"type": "LinkedServiceReference"
						}
					}
				],
				"parameters": {
					"DatabricksWorkspaceUrl": {
						"type": "string",
						"defaultValue": "https://adb-8045677374177174.14.azuredatabricks.net/api/2.0/instance-pools/create"
					},
					"DatabricksKeyUrl": {
						"type": "string",
						"defaultValue": "https://shared-sbx-sea-keyvault.vault.azure.net/secrets/DatabricksKey/b5179ce5743d4f83a9b965ac5f0649f8"
					}
				},
				"variables": {
					"DatabricksKey": {
						"type": "String"
					}
				},
				"folder": {
					"name": "Batch Ingestion"
				},
				"annotations": []
			},
			"dependsOn": []
		},
		{
			"name": "[concat(parameters('factoryName'), '/TR_EDM_ArchiveETLLogs')]",
			"type": "Microsoft.DataFactory/factories/triggers",
			"apiVersion": "2018-06-01",
			"properties": {
				"description": "This Trigger created to schedule the PL_EDM_ArchiveETLLogs pipeline which deletes the ETL logs which are older than specific period.",
				"annotations": [],
				"runtimeState": "Started",
				"pipelines": [
					{
						"pipelineReference": {
							"referenceName": "PL_EDM_ArchiveETLLogs",
							"type": "PipelineReference"
						}
					}
				],
				"type": "ScheduleTrigger",
				"typeProperties": {
					"recurrence": {
						"frequency": "Month",
						"interval": 1,
						"startTime": "2021-08-23T07:07:00Z",
						"timeZone": "UTC",
						"schedule": {
							"minutes": [
								0
							],
							"hours": [
								0
							],
							"monthDays": [
								1
							]
						}
					}
				}
			},
			"dependsOn": [
				"[concat(variables('factoryId'), '/pipelines/PL_EDM_ArchiveETLLogs')]"
			]
		},
		{
			"name": "[concat(parameters('factoryName'), '/PL_EDM_BatchIngestion_RawToStandardized_CDC')]",
			"type": "Microsoft.DataFactory/factories/pipelines",
			"apiVersion": "2018-06-01",
			"properties": {
				"activities": [
					{
						"name": "Pipeline Log Stored Procedure",
						"type": "Lookup",
						"dependsOn": [],
						"policy": {
							"timeout": "7.00:00:00",
							"retry": 0,
							"retryIntervalInSeconds": 30,
							"secureOutput": false,
							"secureInput": false
						},
						"userProperties": [],
						"typeProperties": {
							"source": {
								"type": "AzureSqlSource",
								"sqlReaderStoredProcedureName": "[[ETLlog].[uspInsertPipelineLog]",
								"storedProcedureParameters": {
									"ParentPipelineLogID": {
										"value": null
									},
									"SourceObjectID": {
										"value": null
									},
									"PipelineRunID": {
										"value": {
											"value": "@pipeline().RunId",
											"type": "Expression"
										}
									},
									"LoadType": {
										"value": "RawToStandardized"
									},
									"ObjectLoadStartDateTime": {
										"value": {
											"value": "@formatDateTime(utcnow(), 'dd-MMM-yyyy HH:mm:ss')",
											"type": "Expression"
										}
									},
									"FileName": {
										"value": null
									},
									"PipeLineName": {
										"value": {
											"value": "@pipeline().Pipeline",
											"type": "Expression"
										}
									}
								},
								"queryTimeout": "02:00:00",
								"partitionOption": "None"
							},
							"dataset": {
								"referenceName": "DS_edmsbxsea_asql",
								"type": "DatasetReference"
							},
							"firstRowOnly": true
						}
					},
					{
						"name": "Set SPN ID",
						"type": "SetVariable",
						"dependsOn": [
							{
								"activity": "Lookup Config File",
								"dependencyConditions": [
									"Succeeded"
								]
							}
						],
						"userProperties": [],
						"typeProperties": {
							"variableName": "spn_id",
							"value": {
								"value": "@activity('Lookup Config File').output.value[0]['spn_credentials']['spn_id']",
								"type": "Expression"
							}
						}
					},
					{
						"name": "Set Tenant ID",
						"type": "SetVariable",
						"dependsOn": [
							{
								"activity": "Lookup Config File",
								"dependencyConditions": [
									"Succeeded"
								]
							}
						],
						"userProperties": [],
						"typeProperties": {
							"variableName": "tenant_id",
							"value": {
								"value": "@activity('Lookup Config File').output.value[0]['tenant_id']",
								"type": "Expression"
							}
						}
					},
					{
						"name": "Lookup Config File",
						"type": "Lookup",
						"dependsOn": [
							{
								"activity": "Lookup Source to be processed",
								"dependencyConditions": [
									"Succeeded"
								]
							}
						],
						"policy": {
							"timeout": "7.00:00:00",
							"retry": 0,
							"retryIntervalInSeconds": 30,
							"secureOutput": false,
							"secureInput": false
						},
						"userProperties": [],
						"typeProperties": {
							"source": {
								"type": "JsonSource",
								"storeSettings": {
									"type": "AzureBlobFSReadSettings",
									"recursive": true,
									"enablePartitionDiscovery": false
								},
								"formatSettings": {
									"type": "JsonReadSettings"
								}
							},
							"dataset": {
								"referenceName": "DS_EDMP_Adls_EnvConfig",
								"type": "DatasetReference",
								"parameters": {
									"FileSystem": {
										"value": "@pipeline().parameters.ConfigFileSystem",
										"type": "Expression"
									},
									"ConfigFileName": {
										"value": "@pipeline().parameters.ConfigFileName",
										"type": "Expression"
									}
								}
							},
							"firstRowOnly": false
						}
					},
					{
						"name": "Set Keyvault name",
						"type": "SetVariable",
						"dependsOn": [
							{
								"activity": "Lookup Config File",
								"dependencyConditions": [
									"Succeeded"
								]
							}
						],
						"userProperties": [],
						"typeProperties": {
							"variableName": "kv_name",
							"value": {
								"value": "@activity('Lookup Config File').output.value[0]['keyvault']['name']",
								"type": "Expression"
							}
						}
					},
					{
						"name": "Set ADLS Account Name",
						"type": "SetVariable",
						"dependsOn": [
							{
								"activity": "Lookup Config File",
								"dependencyConditions": [
									"Succeeded"
								]
							}
						],
						"userProperties": [],
						"typeProperties": {
							"variableName": "adls_account_name",
							"value": {
								"value": "@activity('Lookup Config File').output.value[0]['adls_details']['name']",
								"type": "Expression"
							}
						}
					},
					{
						"name": "Lookup Source to be processed",
						"type": "Lookup",
						"dependsOn": [
							{
								"activity": "Pipeline Log Stored Procedure",
								"dependencyConditions": [
									"Succeeded"
								]
							}
						],
						"policy": {
							"timeout": "7.00:00:00",
							"retry": 0,
							"retryIntervalInSeconds": 30,
							"secureOutput": false,
							"secureInput": false
						},
						"userProperties": [],
						"typeProperties": {
							"source": {
								"type": "AzureSqlSource",
								"sqlReaderStoredProcedureName": "[[ETLlog].[uspGetSourceToProcessedCDC]",
								"storedProcedureParameters": {
									"FileName": {
										"type": "String",
										"value": {
											"value": "@pipeline().parameters.EODFileName",
											"type": "Expression"
										}
									},
									"FilePath": {
										"type": "String",
										"value": {
											"value": "@pipeline().parameters.EODFilePath",
											"type": "Expression"
										}
									}
								},
								"queryTimeout": "02:00:00",
								"partitionOption": "None"
							},
							"dataset": {
								"referenceName": "DS_edmsbxsea_asql",
								"type": "DatasetReference"
							},
							"firstRowOnly": true
						}
					},
					{
						"name": "Update Activity Log",
						"type": "SqlServerStoredProcedure",
						"dependsOn": [
							{
								"activity": "If Condition",
								"dependencyConditions": [
									"Succeeded"
								]
							}
						],
						"policy": {
							"timeout": "7.00:00:00",
							"retry": 0,
							"retryIntervalInSeconds": 30,
							"secureOutput": false,
							"secureInput": false
						},
						"userProperties": [],
						"typeProperties": {
							"storedProcedureName": "[[ETLlog].[uspUpdatePipelineEtlActivityLog]",
							"storedProcedureParameters": {
								"ActivityStatus": {
									"value": "Success",
									"type": "String"
								},
								"PipelineActivityLogID": {
									"value": {
										"value": "@activity('Insert Activity Log').output.firstRow.PipelineActivityLogID",
										"type": "Expression"
									},
									"type": "Int32"
								}
							}
						},
						"linkedServiceName": {
							"referenceName": "LS_edmsbxsea_asql",
							"type": "LinkedServiceReference"
						}
					},
					{
						"name": "Update Activity Error Log",
						"type": "SqlServerStoredProcedure",
						"dependsOn": [
							{
								"activity": "If Condition",
								"dependencyConditions": [
									"Failed"
								]
							}
						],
						"policy": {
							"timeout": "7.00:00:00",
							"retry": 0,
							"retryIntervalInSeconds": 30,
							"secureOutput": false,
							"secureInput": false
						},
						"userProperties": [],
						"typeProperties": {
							"storedProcedureName": "[[ETLlog].[uspInsertPipelineActivityErrorLog]",
							"storedProcedureParameters": {
								"Details": {
									"value": "False",
									"type": "Boolean"
								},
								"ErrorMessage": {
									"value": "Raw to Standardized failed",
									"type": "String"
								},
								"IsLandingToRawProcessed": {
									"value": null,
									"type": "Boolean"
								},
								"IsRawtoStandardisedProcessed": {
									"value": null,
									"type": "Boolean"
								},
								"PipelineActivityLogID": {
									"value": {
										"value": "@activity('Insert Activity Log').output.firstRow.PipelineActivityLogID",
										"type": "Expression"
									},
									"type": "Int32"
								},
								"PipelineLogID": {
									"value": null,
									"type": "Int32"
								},
								"SoucreFileProcessLogID": {
									"value": null,
									"type": "Int32"
								}
							}
						},
						"linkedServiceName": {
							"referenceName": "LS_edmsbxsea_asql",
							"type": "LinkedServiceReference"
						}
					},
					{
						"name": "Update Pipeline Log",
						"type": "SqlServerStoredProcedure",
						"dependsOn": [
							{
								"activity": "Update Activity Log",
								"dependencyConditions": [
									"Succeeded"
								]
							}
						],
						"policy": {
							"timeout": "7.00:00:00",
							"retry": 0,
							"retryIntervalInSeconds": 30,
							"secureOutput": false,
							"secureInput": false
						},
						"userProperties": [],
						"typeProperties": {
							"storedProcedureName": "[[ETLlog].[uspUpdatePipelineLog]",
							"storedProcedureParameters": {
								"Details": {
									"value": "False",
									"type": "Boolean"
								},
								"ErrorCount": {
									"value": null,
									"type": "Int64"
								},
								"IsCDCFile": {
									"value": null,
									"type": "Boolean"
								},
								"IsLandingToRawProcessed": {
									"value": null,
									"type": "Boolean"
								},
								"IsRawtoStandardisedProcessed": {
									"value": null,
									"type": "Boolean"
								},
								"PipelineLogID": {
									"value": {
										"value": "@activity('Pipeline Log Stored Procedure').output.firstRow.PipelineLogId",
										"type": "Expression"
									},
									"type": "Int32"
								},
								"PipelineStatus": {
									"value": "Success",
									"type": "String"
								},
								"RawFileStatus": {
									"value": null,
									"type": "String"
								},
								"RawPath": {
									"value": null,
									"type": "String"
								},
								"SourceCount": {
									"value": null,
									"type": "Int64"
								},
								"SourceFileProcessLogID": {
									"value": null,
									"type": "Int32"
								},
								"SourceFileStatus": {
									"value": null,
									"type": "String"
								},
								"SourceId": {
									"value": null,
									"type": "Int32"
								},
								"SourceObjectId": {
									"value": null,
									"type": "Int32"
								},
								"TargetCount": {
									"value": null,
									"type": "Int64"
								}
							}
						},
						"linkedServiceName": {
							"referenceName": "LS_edmsbxsea_asql",
							"type": "LinkedServiceReference"
						}
					},
					{
						"name": "UpdatePipeline Error Log",
						"type": "SqlServerStoredProcedure",
						"dependsOn": [
							{
								"activity": "Update Activity Error Log",
								"dependencyConditions": [
									"Succeeded"
								]
							}
						],
						"policy": {
							"timeout": "7.00:00:00",
							"retry": 0,
							"retryIntervalInSeconds": 30,
							"secureOutput": false,
							"secureInput": false
						},
						"userProperties": [],
						"typeProperties": {
							"storedProcedureName": "[[ETLlog].[uspUpdatePipelineLog]",
							"storedProcedureParameters": {
								"Details": {
									"value": "False",
									"type": "Boolean"
								},
								"ErrorCount": {
									"value": null,
									"type": "Int64"
								},
								"IsCDCFile": {
									"value": null,
									"type": "Boolean"
								},
								"IsLandingToRawProcessed": {
									"value": null,
									"type": "Boolean"
								},
								"IsRawtoStandardisedProcessed": {
									"value": null,
									"type": "Boolean"
								},
								"PipelineLogID": {
									"value": {
										"value": "@activity('Pipeline Log Stored Procedure').output.firstRow.PipelineLogId",
										"type": "Expression"
									},
									"type": "Int32"
								},
								"PipelineStatus": {
									"value": "Failed",
									"type": "String"
								},
								"RawFileStatus": {
									"value": null,
									"type": "String"
								},
								"RawPath": {
									"value": null,
									"type": "String"
								},
								"SourceCount": {
									"value": null,
									"type": "Int64"
								},
								"SourceFileProcessLogID": {
									"value": null,
									"type": "Int32"
								},
								"SourceFileStatus": {
									"value": null,
									"type": "String"
								},
								"SourceId": {
									"value": null,
									"type": "Int32"
								},
								"SourceObjectId": {
									"value": null,
									"type": "Int32"
								},
								"TargetCount": {
									"value": null,
									"type": "Int64"
								}
							}
						},
						"linkedServiceName": {
							"referenceName": "LS_edmsbxsea_asql",
							"type": "LinkedServiceReference"
						}
					},
					{
						"name": "Insert Activity Log",
						"type": "Lookup",
						"dependsOn": [
							{
								"activity": "Set SPN ID",
								"dependencyConditions": [
									"Succeeded"
								]
							},
							{
								"activity": "Set Tenant ID",
								"dependencyConditions": [
									"Succeeded"
								]
							},
							{
								"activity": "Set Keyvault name",
								"dependencyConditions": [
									"Succeeded"
								]
							},
							{
								"activity": "Set ADLS Account Name",
								"dependencyConditions": [
									"Succeeded"
								]
							}
						],
						"policy": {
							"timeout": "7.00:00:00",
							"retry": 0,
							"retryIntervalInSeconds": 30,
							"secureOutput": false,
							"secureInput": false
						},
						"userProperties": [],
						"typeProperties": {
							"source": {
								"type": "AzureSqlSource",
								"sqlReaderStoredProcedureName": "[[ETLlog].[uspInsertPipelineEtlActivityLog]",
								"storedProcedureParameters": {
									"ActivityName": {
										"type": "String",
										"value": "RawToStandardizedProcessing"
									},
									"ActivityType": {
										"type": "String",
										"value": "Databricks"
									},
									"PipelineLogID": {
										"type": "Int32",
										"value": {
											"value": "@activity('Pipeline Log Stored Procedure').output.firstRow.PipelineLogID",
											"type": "Expression"
										}
									},
									"SourceObjectID": {
										"type": "Int32",
										"value": null
									}
								},
								"queryTimeout": "02:00:00",
								"partitionOption": "None"
							},
							"dataset": {
								"referenceName": "DS_edmsbxsea_asql",
								"type": "DatasetReference"
							}
						}
					},
					{
						"name": "Get Spn Password",
						"type": "WebActivity",
						"dependsOn": [
							{
								"activity": "Insert Activity Log",
								"dependencyConditions": [
									"Succeeded"
								]
							}
						],
						"policy": {
							"timeout": "7.00:00:00",
							"retry": 0,
							"retryIntervalInSeconds": 30,
							"secureOutput": false,
							"secureInput": false
						},
						"userProperties": [],
						"typeProperties": {
							"url": {
								"value": "@concat(activity('Lookup Config File').output.value[0]['spn_credentials']['spn_key_url'],'?api-version=7.0')",
								"type": "Expression"
							},
							"method": "GET",
							"authentication": {
								"type": "MSI",
								"resource": "https://vault.azure.net"
							}
						}
					},
					{
						"name": "Get Cluster Configuration",
						"type": "Lookup",
						"dependsOn": [
							{
								"activity": "Get Spn Password",
								"dependencyConditions": [
									"Succeeded"
								]
							}
						],
						"policy": {
							"timeout": "7.00:00:00",
							"retry": 0,
							"retryIntervalInSeconds": 30,
							"secureOutput": false,
							"secureInput": false
						},
						"userProperties": [],
						"typeProperties": {
							"source": {
								"type": "AzureSqlSource",
								"sqlReaderStoredProcedureName": "[[ETLlog].[uspGetProcessConfiguration]",
								"storedProcedureParameters": {
									"FileName": {
										"type": "String",
										"value": null
									},
									"SourceID": {
										"type": "Int32",
										"value": {
											"value": "@activity('Lookup Source to be processed').output.firstRow.SourceId",
											"type": "Expression"
										}
									},
									"SourceObjectId": {
										"type": "Int32",
										"value": null
									},
									"Type": {
										"type": "String",
										"value": "RawToStandardized"
									}
								},
								"queryTimeout": "02:00:00",
								"partitionOption": "None"
							},
							"dataset": {
								"referenceName": "DS_edmsbxsea_asql",
								"type": "DatasetReference"
							},
							"firstRowOnly": true
						}
					},
					{
						"name": "Get Object Ids to process",
						"type": "Lookup",
						"dependsOn": [
							{
								"activity": "EOD Processor",
								"dependencyConditions": [
									"Succeeded"
								]
							}
						],
						"policy": {
							"timeout": "7.00:00:00",
							"retry": 0,
							"retryIntervalInSeconds": 30,
							"secureOutput": false,
							"secureInput": false
						},
						"userProperties": [],
						"typeProperties": {
							"source": {
								"type": "AzureSqlSource",
								"sqlReaderStoredProcedureName": "[[ETLlog].[uspGetSourceObjectIdToProcessCDC]",
								"storedProcedureParameters": {
									"SourceId": {
										"type": "Int32",
										"value": {
											"value": "@activity('Lookup Source to be processed').output.firstRow.SourceId",
											"type": "Expression"
										}
									}
								},
								"queryTimeout": "02:00:00",
								"partitionOption": "None"
							},
							"dataset": {
								"referenceName": "DS_edmsbxsea_asql",
								"type": "DatasetReference"
							},
							"firstRowOnly": false
						}
					},
					{
						"name": "If Condition",
						"type": "IfCondition",
						"dependsOn": [
							{
								"activity": "Get Object Ids to process",
								"dependencyConditions": [
									"Succeeded"
								]
							}
						],
						"userProperties": [],
						"typeProperties": {
							"expression": {
								"value": "@equals(activity('Get Cluster Configuration').output.firstRow.ClusterType,'NewJobCluster')",
								"type": "Expression"
							},
							"ifFalseActivities": [
								{
									"name": "RawToStandardizedExistingInstacePool",
									"type": "DatabricksNotebook",
									"dependsOn": [],
									"policy": {
										"timeout": "7.00:00:00",
										"retry": 0,
										"retryIntervalInSeconds": 30,
										"secureOutput": false,
										"secureInput": false
									},
									"userProperties": [],
									"typeProperties": {
										"notebookPath": "/Shared/FinalNotebooks/batch_ingestion_raw_to_standardized",
										"baseParameters": {
											"raw_file_metadata": {
												"value": "@string(activity('Get Object Ids to process').output.value)",
												"type": "Expression"
											},
											"source_id": {
												"value": "@string(activity('Lookup Source to be processed').output.firstRow.SourceId)",
												"type": "Expression"
											},
											"adls_account_name": {
												"value": "@variables('adls_account_name')",
												"type": "Expression"
											},
											"config_path": "scb_env_config.json",
											"kv_name": {
												"value": "@variables('kv_name')",
												"type": "Expression"
											},
											"spn_id": {
												"value": "@variables('spn_id')",
												"type": "Expression"
											},
											"tenant_id": {
												"value": "@variables('tenant_id')",
												"type": "Expression"
											},
											"spn_password": {
												"value": "@variables('spn_password')",
												"type": "Expression"
											}
										},
										"libraries": [
											{
												"maven": {
													"coordinates": "com.databricks:spark-xml_2.12:0.12.0"
												}
											},
											{
												"maven": {
													"coordinates": "com.ibm.informix:odbc:4.10.10"
												}
											},
											{
												"pypi": {
													"package": "pyodbc"
												}
											},
											{
												"maven": {
													"coordinates": "com.github.gslowikowski:spark-xml-extensions:1.0.0"
												}
											},
											{
												"maven": {
													"coordinates": "com.microsoft.azure:spark-mssql-connector:1.0.1"
												}
											},
											{
												"maven": {
													"coordinates": "com.microsoft.azure:spark-mssql-connector_2.12_3.0:1.0.0-alpha"
												}
											},
											{
												"maven": {
													"coordinates": "com.microsoft.azure:azure-eventhubs-spark_2.12:2.3.18"
												}
											},
											{
												"whl": "dbfs:/edm-_Build.BuildNumber_-py3-none-any.whl"
											},
											{
												"jar": "dbfs:/pepsparkDBR_3.0.1_7.2.0.17.RC_pty.jar"
											},
											{
												"jar": "dbfs:/pephiveDBR_2.3.7_7.2.0.17.RC_pty.jar"
											},
											{
												"pypi": {
													"package": "azure-identity==1.2.0"
												}
											},
											{
												"pypi": {
													"package": "azure-keyvault==1.1.0"
												}
											},
											{
												"pypi": {
													"package": "azure-keyvault-secrets==4.0.1"
												}
											},
											{
												"pypi": {
													"package": "dotted"
												}
											},
											{
												"pypi": {
													"package": "opencensus-ext-azure==1.0.2"
												}
											},
											{
												"pypi": {
													"package": "xmltodict==0.12.0"
												}
											}
										]
									},
									"linkedServiceName": {
										"referenceName": "LS_EDMP_Adbk_BatchIngestion_ExistingInstancePool",
										"type": "LinkedServiceReference",
										"parameters": {
											"InstancePoolId": {
												"value": "@activity('Get Cluster Configuration').output.firstRow.InstancePoolId",
												"type": "Expression"
											},
											"ClusterVersion": {
												"value": "@activity('Get Cluster Configuration').output.firstRow.ClusterVersion",
												"type": "Expression"
											},
											"WorkerOptions": {
												"value": "@activity('Get Cluster Configuration').output.firstRow.WorkerNode",
												"type": "Expression"
											},
											"ProjectCode": {
												"value": "@activity('Get Cluster Configuration').output.firstRow.ProjectCode",
												"type": "Expression"
											},
											"SpnPassword": {
												"value": "@activity('Get Spn Password').output.value",
												"type": "Expression"
											}
										}
									}
								}
							],
							"ifTrueActivities": [
								{
									"name": "RawToStandardizedNewJobCluster",
									"type": "DatabricksNotebook",
									"dependsOn": [],
									"policy": {
										"timeout": "7.00:00:00",
										"retry": 0,
										"retryIntervalInSeconds": 30,
										"secureOutput": false,
										"secureInput": false
									},
									"userProperties": [],
									"typeProperties": {
										"notebookPath": "/Shared/FinalNotebooks/batch_ingestion_raw_to_standardized",
										"baseParameters": {
											"raw_file_metadata": {
												"value": "@string(activity('Get Object Ids to process').output.value)",
												"type": "Expression"
											},
											"adls_account_name": {
												"value": "@variables('adls_account_name')",
												"type": "Expression"
											},
											"config_path": {
												"value": "@pipeline().parameters.ConfigFileName",
												"type": "Expression"
											},
											"kv_name": {
												"value": "@variables('kv_name')",
												"type": "Expression"
											},
											"spn_id": {
												"value": "@variables('spn_id')",
												"type": "Expression"
											},
											"tenant_id": {
												"value": "@variables('tenant_id')",
												"type": "Expression"
											},
											"spn_password": {
												"value": "@variables('spn_password')",
												"type": "Expression"
											},
											"source_id": {
												"value": "@string(activity('Lookup Source to be processed').output.firstRow.SourceId)",
												"type": "Expression"
											}
										},
										"libraries": [
											{
												"maven": {
													"coordinates": "com.databricks:spark-xml_2.12:0.12.0"
												}
											},
											{
												"maven": {
													"coordinates": "com.ibm.informix:odbc:4.10.10"
												}
											},
											{
												"pypi": {
													"package": "pyodbc"
												}
											},
											{
												"maven": {
													"coordinates": "com.github.gslowikowski:spark-xml-extensions:1.0.0"
												}
											},
											{
												"maven": {
													"coordinates": "com.microsoft.azure:spark-mssql-connector:1.0.1"
												}
											},
											{
												"maven": {
													"coordinates": "com.microsoft.azure:spark-mssql-connector_2.12_3.0:1.0.0-alpha"
												}
											},
											{
												"maven": {
													"coordinates": "com.microsoft.azure:azure-eventhubs-spark_2.12:2.3.18"
												}
											},
											{
												"whl": "dbfs:/edm-_Build.BuildNumber_-py3-none-any.whl"
											},
											{
												"jar": "dbfs:/pepsparkDBR_3.0.1_7.2.0.17.RC_pty.jar"
											},
											{
												"jar": "dbfs:/pephiveDBR_2.3.7_7.2.0.17.RC_pty.jar"
											},
											{
												"pypi": {
													"package": "azure-identity==1.2.0"
												}
											},
											{
												"pypi": {
													"package": "azure-keyvault==1.1.0"
												}
											},
											{
												"pypi": {
													"package": "azure-keyvault-secrets==4.0.1"
												}
											},
											{
												"pypi": {
													"package": "dotted"
												}
											},
											{
												"pypi": {
													"package": "opencensus-ext-azure==1.0.2"
												}
											},
											{
												"pypi": {
													"package": "xmltodict==0.12.0"
												}
											}
										]
									},
									"linkedServiceName": {
										"referenceName": "LS_EDMP_Adbk_BatchIngestion_NewJobCluster",
										"type": "LinkedServiceReference",
										"parameters": {
											"ClusterVersion": {
												"value": "@activity('Get Cluster Configuration').output.firstRow.ClusterVersion",
												"type": "Expression"
											},
											"ClusterNodeType": {
												"value": "@activity('Get Cluster Configuration').output.firstRow.ClusterNodeType",
												"type": "Expression"
											},
											"ClusterDriverNodeType": {
												"value": "@activity('Get Cluster Configuration').output.firstRow.ClusterDriverType",
												"type": "Expression"
											},
											"WorkerOptions": {
												"value": "@activity('Get Cluster Configuration').output.firstRow.WorkerNode",
												"type": "Expression"
											},
											"ProjectCode": {
												"value": "@activity('Get Cluster Configuration').output.firstRow.ProjectCode",
												"type": "Expression"
											},
											"SpnPassword": {
												"value": "@activity('Get Spn Password').output.value",
												"type": "Expression"
											}
										}
									}
								}
							]
						}
					},
					{
						"name": "EOD Processor",
						"type": "DatabricksNotebook",
						"dependsOn": [
							{
								"activity": "Get Cluster Configuration",
								"dependencyConditions": [
									"Succeeded"
								]
							}
						],
						"policy": {
							"timeout": "7.00:00:00",
							"retry": 0,
							"retryIntervalInSeconds": 30,
							"secureOutput": false,
							"secureInput": false
						},
						"userProperties": [],
						"typeProperties": {
							"notebookPath": "/Shared/FinalNotebooks/batch_ingestion_cdc_eod_file_processing",
							"baseParameters": {
								"SourceId": {
									"value": "@string(activity('Lookup Source to be processed').output.firstRow.SourceId)",
									"type": "Expression"
								},
								"FileName": {
									"value": "@pipeline().parameters.EODFileName",
									"type": "Expression"
								},
								"SourceObjectId": {
									"value": "@string(activity('Lookup Source to be processed').output.firstRow.SourceObjectId)",
									"type": "Expression"
								}
							}
						},
						"linkedServiceName": {
							"referenceName": "LS_EDMP_Adbk_BatchIngestion_ExistingInstancePool",
							"type": "LinkedServiceReference",
							"parameters": {
								"InstancePoolId": {
									"value": "@activity('Get Cluster Configuration').output.firstRow.InstancePoolId",
									"type": "Expression"
								},
								"ClusterVersion": {
									"value": "@activity('Get Cluster Configuration').output.firstRow.ClusterVersion",
									"type": "Expression"
								},
								"WorkerOptions": {
									"value": "@activity('Get Cluster Configuration').output.firstRow.WorkerNode",
									"type": "Expression"
								},
								"ProjectCode": {
									"value": "@activity('Get Cluster Configuration').output.firstRow.ProjectCode",
									"type": "Expression"
								},
								"SpnPassword": {
									"value": "@activity('Get Spn Password').output.value",
									"type": "Expression"
								}
							}
						}
					}
				],
				"parameters": {
					"FrequencyDurationUnit": {
						"type": "string",
						"defaultValue": "Day"
					},
					"ConfigFileSystem": {
						"type": "string",
						"defaultValue": "raw"
					},
					"ConfigFileName": {
						"type": "string",
						"defaultValue": "scb_env_config.json"
					},
					"EODFilePath": {
						"type": "string"
					},
					"EODFileName": {
						"type": "string"
					}
				},
				"variables": {
					"spn_id": {
						"type": "String"
					},
					"tenant_id": {
						"type": "String"
					},
					"kv_name": {
						"type": "String"
					},
					"adls_account_name": {
						"type": "String"
					},
					"spn_password": {
						"type": "String"
					}
				},
				"folder": {
					"name": "Batch Ingestion"
				},
				"annotations": []
			},
			"dependsOn": []
		},
		{
			"name": "[concat(parameters('factoryName'), '/TR_Raw_Standardized_CDC')]",
			"type": "Microsoft.DataFactory/factories/triggers",
			"apiVersion": "2018-06-01",
			"properties": {
				"description": "Trigger to execute raw to standardized pipeline for CDC Files",
				"annotations": [],
				"runtimeState": "Started",
				"pipelines": [
					{
						"pipelineReference": {
							"referenceName": "PL_EDM_BatchIngestion_RawToStandardized_CDC",
							"type": "PipelineReference"
						},
						"parameters": {
							"FrequencyDurationUnit": "Day",
							"ConfigFileSystem": "raw",
							"ConfigFileName": "scb_env_config.json",
							"EODFilePath": "@triggerBody().folderPath",
							"EODFileName": "@triggerBody().fileName"
						}
					}
				],
				"type": "BlobEventsTrigger",
				"typeProperties": {
					"blobPathBeginsWith": "/raw/blobs/cdc/trigger",
					"ignoreEmptyBlobs": true,
					"scope": "/subscriptions/e87cf38c-8f6f-4cb2-a8ec-886a94bc28d5/resourceGroups/edm-sbx-sea-rg/providers/Microsoft.Storage/storageAccounts/edmsbxseadlk",
					"events": [
						"Microsoft.Storage.BlobCreated"
					]
				}
			},
			"dependsOn": [
				"[concat(variables('factoryId'), '/pipelines/PL_EDM_BatchIngestion_RawToStandardized_CDC')]"
			]
		}
	]
}