{
	"$schema": "http://schema.management.azure.com/schemas/2015-01-01/deploymentTemplate.json#",
	"contentVersion": "1.0.0.0",
	"parameters": {
		"factoryName": {
			"type": "string",
			"metadata": "Data Factory name",
			"defaultValue": "edm-sbx-sea-adf"
		}
	},
	"variables": {
		"factoryId": "[concat('Microsoft.DataFactory/factories/', parameters('factoryName'))]"
	},
	"resources": [
		{
			"name": "[concat(parameters('factoryName'), '/PL_EDM_Realtime_Isd_Parser')]",
			"type": "Microsoft.DataFactory/factories/pipelines",
			"apiVersion": "2018-06-01",
			"properties": {
				"description": "This pipeline gets invoked when an ISD file is dropped in the ADLS isds folder and is used to parse the isds file and register the various tables into metastore.",
				"activities": [
					{
						"name": "Lookup Config File",
						"description": "This activity is used to read the config file from ADLS",
						"type": "Lookup",
						"dependsOn": [],
						"policy": {
							"timeout": "7.00:00:00",
							"retry": 0,
							"retryIntervalInSeconds": 30,
							"secureOutput": false,
							"secureInput": false
						},
						"userProperties": [],
						"typeProperties": {
							"source": {
								"type": "JsonSource",
								"storeSettings": {
									"type": "AzureBlobFSReadSettings",
									"recursive": true,
									"enablePartitionDiscovery": false
								},
								"formatSettings": {
									"type": "JsonReadSettings"
								}
							},
							"dataset": {
								"referenceName": "DS_EDMP_Adls_EnvConfig",
								"type": "DatasetReference",
								"parameters": {
									"FileSystem": {
										"value": "@pipeline().parameters.ConfigFileSystem",
										"type": "Expression"
									},
									"ConfigFileName": {
										"value": "@pipeline().parameters.ConfigFileName",
										"type": "Expression"
									}
								}
							},
							"firstRowOnly": false
						}
					},
					{
						"name": "Set SPN ID",
						"type": "SetVariable",
						"dependsOn": [
							{
								"activity": "Lookup Config File",
								"dependencyConditions": [
									"Succeeded"
								]
							}
						],
						"userProperties": [],
						"typeProperties": {
							"variableName": "spn_id",
							"value": {
								"value": "@activity('Lookup Config File').output.value[0]['spn_credentials']['spn_id']",
								"type": "Expression"
							}
						}
					},
					{
						"name": "Set Tenant ID",
						"type": "SetVariable",
						"dependsOn": [
							{
								"activity": "Lookup Config File",
								"dependencyConditions": [
									"Succeeded"
								]
							}
						],
						"userProperties": [],
						"typeProperties": {
							"variableName": "tenant_id",
							"value": {
								"value": "@activity('Lookup Config File').output.value[0]['tenant_id']",
								"type": "Expression"
							}
						}
					},
					{
						"name": "Set Keyvault name",
						"type": "SetVariable",
						"dependsOn": [
							{
								"activity": "Lookup Config File",
								"dependencyConditions": [
									"Succeeded"
								]
							}
						],
						"userProperties": [],
						"typeProperties": {
							"variableName": "kv_name",
							"value": {
								"value": "@activity('Lookup Config File').output.value[0]['keyvault']['name']",
								"type": "Expression"
							}
						}
					},
					{
						"name": "Set ADLS Account Name",
						"type": "SetVariable",
						"dependsOn": [
							{
								"activity": "Lookup Config File",
								"dependencyConditions": [
									"Succeeded"
								]
							}
						],
						"userProperties": [],
						"typeProperties": {
							"variableName": "adls_account_name",
							"value": {
								"value": "@activity('Lookup Config File').output.value[0]['adls_details']['name']",
								"type": "Expression"
							}
						}
					},
					{
						"name": "Parse ISD",
						"type": "DatabricksNotebook",
						"dependsOn": [
							{
								"activity": "Set SPN ID",
								"dependencyConditions": [
									"Succeeded"
								]
							},
							{
								"activity": "Set Tenant ID",
								"dependencyConditions": [
									"Succeeded"
								]
							},
							{
								"activity": "Set Keyvault name",
								"dependencyConditions": [
									"Succeeded"
								]
							},
							{
								"activity": "Set ADLS Account Name",
								"dependencyConditions": [
									"Succeeded"
								]
							}
						],
						"policy": {
							"timeout": "7.00:00:00",
							"retry": 0,
							"retryIntervalInSeconds": 30,
							"secureOutput": false,
							"secureInput": false
						},
						"userProperties": [],
						"typeProperties": {
							"notebookPath": "/Shared/EDMRealTimeIngestion/finalNotebook/real_time_isd_parser",
							"baseParameters": {
								"spn_id": {
									"value": "@variables('spn_id')",
									"type": "Expression"
								},
								"tenant_id": {
									"value": "@variables('tenant_id')",
									"type": "Expression"
								},
								"kv_name": {
									"value": "@variables('kv_name')",
									"type": "Expression"
								},
								"adls_account_name": {
									"value": "@variables('adls_account_name')",
									"type": "Expression"
								},
								"file_path": {
									"value": "@pipeline().parameters.IsdFilePath",
									"type": "Expression"
								},
								"file_name": {
									"value": "@pipeline().parameters.IsdFileName",
									"type": "Expression"
								},
								"config_path": {
									"value": "@pipeline().parameters.ConfigFileName",
									"type": "Expression"
								},
								"delimiter": {
									"value": "@pipeline().parameters.Delimiter",
									"type": "Expression"
								}
							}
						},
						"linkedServiceName": {
							"referenceName": "LS_EDMP_Adbk_RealTimeIngestion",
							"type": "LinkedServiceReference"
						}
					}
				],
				"parameters": {
					"ConfigFileName": {
						"type": "string",
						"defaultValue": "scb_env_config.json"
					},
					"ConfigFileSystem": {
						"type": "string",
						"defaultValue": "raw"
					},
					"IsdFilePath": {
						"type": "string"
					},
					"IsdFileName": {
						"type": "string"
					},
					"Delimiter": {
						"type": "string",
						"defaultValue": ","
					}
				},
				"variables": {
					"spn_id": {
						"type": "String"
					},
					"tenant_id": {
						"type": "String"
					},
					"kv_name": {
						"type": "String"
					},
					"adls_account_name": {
						"type": "String"
					}
				},
				"folder": {
					"name": "Real Time Ingestion"
				},
				"annotations": []
			},
			"dependsOn": []
		},
		{
			"name": "[concat(parameters('factoryName'), '/TRG_EDMP_IsdParser')]",
			"type": "Microsoft.DataFactory/factories/triggers",
			"apiVersion": "2018-06-01",
			"properties": {
				"annotations": [],
				"runtimeState": "Started",
				"pipelines": [
					{
						"pipelineReference": {
							"referenceName": "PL_EDM_Realtime_Isd_Parser",
							"type": "PipelineReference"
						},
						"parameters": {
							"IsdFilePath": "@triggerBody().folderPath",
							"IsdFileName": "@triggerBody().fileName"
						}
					}
				],
				"type": "BlobEventsTrigger",
				"typeProperties": {
					"blobPathBeginsWith": "/raw/blobs/isds",
					"ignoreEmptyBlobs": true,
					"scope": "/subscriptions/e87cf38c-8f6f-4cb2-a8ec-886a94bc28d5/resourceGroups/edm-sbx-sea-rg/providers/Microsoft.Storage/storageAccounts/edmsbxseadlk",
					"events": [
						"Microsoft.Storage.BlobCreated"
					]
				}
			},
			"dependsOn": [
				"[concat(variables('factoryId'), '/pipelines/PL_EDM_Realtime_Isd_Parser')]"
			]
		}
	]
}