{
	"$schema": "http://schema.management.azure.com/schemas/2015-01-01/deploymentTemplate.json#",
	"contentVersion": "1.0.0.0",
	"parameters": {
		"factoryName": {
			"type": "string",
			"metadata": "Data Factory name",
			"defaultValue": "edm-sbx-sea-adf"
		}
	},
	"variables": {
		"factoryId": "[concat('Microsoft.DataFactory/factories/', parameters('factoryName'))]"
	},
	"resources": [
		{
			"name": "[concat(parameters('factoryName'), '/TRG_EDMP_IsdParser')]",
			"type": "Microsoft.DataFactory/factories/triggers",
			"apiVersion": "2018-06-01",
			"properties": {
				"annotations": [],
				"runtimeState": "Stopped",
				"pipelines": [
					{
						"pipelineReference": {
							"referenceName": "PL_EDM_Realtime_Isd_Parser",
							"type": "PipelineReference"
						},
						"parameters": {
							"IsdFilePath": "@triggerBody().folderPath",
							"IsdFileName": "@triggerBody().fileName"
						}
					}
				],
				"type": "BlobEventsTrigger",
				"typeProperties": {
					"blobPathBeginsWith": "/raw/blobs/isds",
					"ignoreEmptyBlobs": true,
					"scope": "/subscriptions/e87cf38c-8f6f-4cb2-a8ec-886a94bc28d5/resourceGroups/edm-sbx-sea-rg/providers/Microsoft.Storage/storageAccounts/edmsbxseadlk",
					"events": [
						"Microsoft.Storage.BlobCreated"
					]
				}
			},
			"dependsOn": []
		}
	]
}