{
	"$schema": "http://schema.management.azure.com/schemas/2015-01-01/deploymentTemplate.json#",
	"contentVersion": "1.0.0.0",
	"parameters": {
		"factoryName": {
			"type": "string",
			"metadata": "Data Factory name",
			"defaultValue": "edm-sbx-sea-adf"
		}
	},
	"variables": {
		"factoryId": "[concat('Microsoft.DataFactory/factories/', parameters('factoryName'))]"
	},
	"resources": [
		{
			"name": "[concat(parameters('factoryName'), '/PL_EDM_BatchIngestion_DeleteJobPool')]",
			"type": "Microsoft.DataFactory/factories/pipelines",
			"apiVersion": "2018-06-01",
			"properties": {
				"activities": [
					{
						"name": "ForEachPool",
						"type": "ForEach",
						"dependsOn": [
							{
								"activity": "Set Databricks Key",
								"dependencyConditions": [
									"Succeeded"
								]
							}
						],
						"userProperties": [],
						"typeProperties": {
							"items": {
								"value": "@activity('Get Pools To Be Deleted').output.value",
								"type": "Expression"
							},
							"activities": [
								{
									"name": "Create Job Pools",
									"type": "WebActivity",
									"dependsOn": [],
									"policy": {
										"timeout": "7.00:00:00",
										"retry": 0,
										"retryIntervalInSeconds": 30,
										"secureOutput": false,
										"secureInput": false
									},
									"userProperties": [],
									"typeProperties": {
										"url": {
											"value": "@pipeline().parameters.DatabricksWorkspaceUrl",
											"type": "Expression"
										},
										"method": "POST",
										"headers": {
											"Authorization": {
												"value": "@variables('DatabricksKey')",
												"type": "Expression"
											}
										},
										"body": {
											"value": "@json(item().ConfigurationBody)",
											"type": "Expression"
										}
									}
								},
								{
									"name": "DeletePoolConfigurationLog",
									"type": "SqlServerStoredProcedure",
									"dependsOn": [
										{
											"activity": "Create Job Pools",
											"dependencyConditions": [
												"Succeeded"
											]
										}
									],
									"policy": {
										"timeout": "7.00:00:00",
										"retry": 0,
										"retryIntervalInSeconds": 30,
										"secureOutput": false,
										"secureInput": false
									},
									"userProperties": [],
									"typeProperties": {
										"storedProcedureName": "[[ETLlog].[uspUpdatePoolConfigurationLog]",
										"storedProcedureParameters": {
											"PoolConfigurationID": {
												"value": {
													"value": "@item().PoolConfigurationID",
													"type": "Expression"
												},
												"type": "Int64"
											},
											"InstancePoolId": {
												"value": {
													"value": "@item().InstancePoolId",
													"type": "Expression"
												},
												"type": "String"
											},
											"Mode": {
												"value": "update",
												"type": "String"
											}
										}
									},
									"linkedServiceName": {
										"referenceName": "LS_edmsbxsea_asql",
										"type": "LinkedServiceReference"
									}
								}
							]
						}
					},
					{
						"name": "Get Pools To Be Deleted",
						"type": "Lookup",
						"dependsOn": [
							{
								"activity": "Pipeline Log Stored Procedure",
								"dependencyConditions": [
									"Succeeded"
								]
							}
						],
						"policy": {
							"timeout": "7.00:00:00",
							"retry": 0,
							"retryIntervalInSeconds": 30,
							"secureOutput": false,
							"secureInput": false
						},
						"userProperties": [],
						"typeProperties": {
							"source": {
								"type": "AzureSqlSource",
								"sqlReaderStoredProcedureName": "[[ETLlog].[uspGetActivePools]",
								"queryTimeout": "00:10:00",
								"partitionOption": "None"
							},
							"dataset": {
								"referenceName": "DS_edmsbxsea_asql",
								"type": "DatasetReference"
							},
							"firstRowOnly": false
						}
					},
					{
						"name": "Pipeline Log Stored Procedure",
						"type": "Lookup",
						"dependsOn": [],
						"policy": {
							"timeout": "7.00:00:00",
							"retry": 0,
							"retryIntervalInSeconds": 30,
							"secureOutput": false,
							"secureInput": false
						},
						"userProperties": [],
						"typeProperties": {
							"source": {
								"type": "AzureSqlSource",
								"sqlReaderStoredProcedureName": "[[ETLlog].[uspInsertPipelineLog]",
								"storedProcedureParameters": {
									"ParentPipelineLogID": {
										"value": null
									},
									"SourceObjectID": {
										"value": null
									},
									"PipelineRunID": {
										"value": {
											"value": "@pipeline().RunId",
											"type": "Expression"
										}
									},
									"LoadType": {
										"value": "Job Pool Deletion"
									},
									"ObjectLoadStartDateTime": {
										"value": {
											"value": "@formatDateTime(utcnow(), 'dd-MMM-yyyy HH:mm:ss')",
											"type": "Expression"
										}
									},
									"FileName": {
										"value": null
									},
									"PipeLineName": {
										"value": {
											"value": "@pipeline().Pipeline",
											"type": "Expression"
										}
									}
								},
								"queryTimeout": "02:00:00",
								"partitionOption": "None"
							},
							"dataset": {
								"referenceName": "DS_edmsbxsea_asql",
								"type": "DatasetReference"
							},
							"firstRowOnly": false
						}
					},
					{
						"name": "Update Pipeline Log",
						"type": "SqlServerStoredProcedure",
						"dependsOn": [
							{
								"activity": "ForEachPool",
								"dependencyConditions": [
									"Succeeded"
								]
							}
						],
						"policy": {
							"timeout": "7.00:00:00",
							"retry": 0,
							"retryIntervalInSeconds": 30,
							"secureOutput": false,
							"secureInput": false
						},
						"userProperties": [],
						"typeProperties": {
							"storedProcedureName": "[[ETLlog].[uspUpdatePipelineLog]",
							"storedProcedureParameters": {
								"PipelineLogID": {
									"value": {
										"value": "@activity('Pipeline Log Stored Procedure').output.value[0].PipelineLogID",
										"type": "Expression"
									},
									"type": "Int64"
								},
								"SourceFileProcessLogID": {
									"value": null,
									"type": "Int64"
								},
								"SourceCount": {
									"value": null,
									"type": "Int64"
								},
								"TargetCount": {
									"value": null,
									"type": "Int64"
								},
								"ErrorCount": {
									"value": null,
									"type": "Int64"
								},
								"IsLandingToRawProcessed": {
									"value": null,
									"type": "Single"
								},
								"IsRawtoStandardisedProcessed": {
									"value": null,
									"type": "Single"
								},
								"PipelineStatus": {
									"value": "Succeeded",
									"type": "String"
								},
								"SourceObjectId": {
									"value": null,
									"type": "Int64"
								},
								"SourceId": {
									"value": null,
									"type": "Int64"
								}
							}
						},
						"linkedServiceName": {
							"referenceName": "LS_edmsbxsea_asql",
							"type": "LinkedServiceReference"
						}
					},
					{
						"name": "Insert Activity Error log",
						"type": "SqlServerStoredProcedure",
						"dependsOn": [
							{
								"activity": "ForEachPool",
								"dependencyConditions": [
									"Failed"
								]
							}
						],
						"policy": {
							"timeout": "7.00:00:00",
							"retry": 0,
							"retryIntervalInSeconds": 30,
							"secureOutput": false,
							"secureInput": false
						},
						"userProperties": [],
						"typeProperties": {
							"storedProcedureName": "[[ETLlog].[uspInsertPipelineActivityErrorLog]",
							"storedProcedureParameters": {
								"ErrorMessage": {
									"value": "Delete Job Pool Failed",
									"type": "String"
								},
								"IsLandingToRawProcessed": {
									"value": null,
									"type": "Boolean"
								},
								"IsRawtoStandardisedProcessed": {
									"value": null,
									"type": "Boolean"
								},
								"PipelineActivityLogID": {
									"value": null,
									"type": "Int32"
								},
								"PipelineLogID": {
									"value": {
										"value": "@activity('Pipeline Log Stored Procedure').output.value[0].PipelineLogID",
										"type": "Expression"
									},
									"type": "Int32"
								},
								"SoucreFileProcessLogID": {
									"value": null,
									"type": "Int32"
								}
							}
						},
						"linkedServiceName": {
							"referenceName": "LS_edmsbxsea_asql",
							"type": "LinkedServiceReference"
						}
					},
					{
						"name": "WebADFDatabricksKey",
						"type": "WebActivity",
						"dependsOn": [
							{
								"activity": "Get Pools To Be Deleted",
								"dependencyConditions": [
									"Succeeded"
								]
							}
						],
						"policy": {
							"timeout": "7.00:00:00",
							"retry": 0,
							"retryIntervalInSeconds": 30,
							"secureOutput": false,
							"secureInput": false
						},
						"userProperties": [],
						"typeProperties": {
							"url": {
								"value": "@concat(pipeline().parameters.DatabricksKeyUrl,'?api-version=7.0')",
								"type": "Expression"
							},
							"method": "GET",
							"authentication": {
								"type": "MSI",
								"resource": "https://vault.azure.net"
							}
						}
					},
					{
						"name": "Set Databricks Key",
						"type": "SetVariable",
						"dependsOn": [
							{
								"activity": "WebADFDatabricksKey",
								"dependencyConditions": [
									"Succeeded"
								]
							}
						],
						"userProperties": [],
						"typeProperties": {
							"variableName": "DatabricksKey",
							"value": {
								"value": "@activity('WebADFDatabricksKey').output.Value",
								"type": "Expression"
							}
						}
					}
				],
				"parameters": {
					"DatabricksWorkspaceUrl": {
						"type": "string",
						"defaultValue": "https://adb-8045677374177174.14.azuredatabricks.net/api/2.0/instance-pools/delete"
					},
					"DatabricksKeyUrl": {
						"type": "string",
						"defaultValue": "https://shared-sbx-sea-keyvault.vault.azure.net/secrets/DatabricksKey/b5179ce5743d4f83a9b965ac5f0649f8"
					}
				},
				"variables": {
					"DatabricksKey": {
						"type": "String"
					}
				},
				"folder": {
					"name": "Batch Ingestion"
				},
				"annotations": []
			},
			"dependsOn": []
		},
		{
			"name": "[concat(parameters('factoryName'), '/PL_EDM_BatchIngestion_NewJobPoolCreation')]",
			"type": "Microsoft.DataFactory/factories/pipelines",
			"apiVersion": "2018-06-01",
			"properties": {
				"activities": [
					{
						"name": "ForEachPool",
						"type": "ForEach",
						"dependsOn": [
							{
								"activity": "Soft Delete Current Pools",
								"dependencyConditions": [
									"Succeeded"
								]
							}
						],
						"userProperties": [],
						"typeProperties": {
							"items": {
								"value": "@activity('Get Pools To Be Created').output.value",
								"type": "Expression"
							},
							"activities": [
								{
									"name": "Create Job Pools",
									"type": "WebActivity",
									"dependsOn": [],
									"policy": {
										"timeout": "7.00:00:00",
										"retry": 0,
										"retryIntervalInSeconds": 30,
										"secureOutput": false,
										"secureInput": false
									},
									"userProperties": [],
									"typeProperties": {
										"url": {
											"value": "@pipeline().parameters.DatabricksWorkspaceUrl",
											"type": "Expression"
										},
										"method": "POST",
										"headers": {
											"Authorization": {
												"value": "@variables('DatabricksKey')",
												"type": "Expression"
											}
										},
										"body": {
											"value": "@json(item().ConfigurationBody)",
											"type": "Expression"
										}
									}
								},
								{
									"name": "InsertPoolConfigurationLog",
									"type": "SqlServerStoredProcedure",
									"dependsOn": [
										{
											"activity": "Create Job Pools",
											"dependencyConditions": [
												"Succeeded"
											]
										}
									],
									"policy": {
										"timeout": "7.00:00:00",
										"retry": 0,
										"retryIntervalInSeconds": 30,
										"secureOutput": false,
										"secureInput": false
									},
									"userProperties": [],
									"typeProperties": {
										"storedProcedureName": "[[ETLlog].[uspUpdatePoolConfigurationLog]",
										"storedProcedureParameters": {
											"PoolConfigurationID": {
												"value": {
													"value": "@item().PoolConfigurationID",
													"type": "Expression"
												},
												"type": "Int64"
											},
											"InstancePoolId": {
												"value": {
													"value": "@activity('Create Job Pools').output.instance_pool_id",
													"type": "Expression"
												},
												"type": "String"
											},
											"Mode": {
												"value": "insert",
												"type": "String"
											}
										}
									},
									"linkedServiceName": {
										"referenceName": "LS_edmsbxsea_asql",
										"type": "LinkedServiceReference"
									}
								}
							]
						}
					},
					{
						"name": "Get Pools To Be Created",
						"type": "Lookup",
						"dependsOn": [
							{
								"activity": "Pipeline Log Stored Procedure",
								"dependencyConditions": [
									"Succeeded"
								]
							}
						],
						"policy": {
							"timeout": "7.00:00:00",
							"retry": 0,
							"retryIntervalInSeconds": 30,
							"secureOutput": false,
							"secureInput": false
						},
						"userProperties": [],
						"typeProperties": {
							"source": {
								"type": "AzureSqlSource",
								"sqlReaderStoredProcedureName": "[[Metadata].[uspGetPoolConfig]",
								"queryTimeout": "00:10:00",
								"partitionOption": "None"
							},
							"dataset": {
								"referenceName": "DS_edmsbxsea_asql",
								"type": "DatasetReference"
							},
							"firstRowOnly": false
						}
					},
					{
						"name": "Pipeline Log Stored Procedure",
						"type": "Lookup",
						"dependsOn": [],
						"policy": {
							"timeout": "7.00:00:00",
							"retry": 0,
							"retryIntervalInSeconds": 30,
							"secureOutput": false,
							"secureInput": false
						},
						"userProperties": [],
						"typeProperties": {
							"source": {
								"type": "AzureSqlSource",
								"sqlReaderStoredProcedureName": "[[ETLlog].[uspInsertPipelineLog]",
								"storedProcedureParameters": {
									"ParentPipelineLogID": {
										"value": null
									},
									"SourceObjectID": {
										"value": null
									},
									"PipelineRunID": {
										"value": {
											"value": "@pipeline().RunId",
											"type": "Expression"
										}
									},
									"LoadType": {
										"value": "Job Pool Creation "
									},
									"ObjectLoadStartDateTime": {
										"value": {
											"value": "@formatDateTime(utcnow(), 'dd-MMM-yyyy HH:mm:ss')",
											"type": "Expression"
										}
									},
									"FileName": {
										"value": null
									},
									"PipeLineName": {
										"value": {
											"value": "@pipeline().Pipeline",
											"type": "Expression"
										}
									}
								},
								"queryTimeout": "02:00:00",
								"partitionOption": "None"
							},
							"dataset": {
								"referenceName": "DS_edmsbxsea_asql",
								"type": "DatasetReference"
							},
							"firstRowOnly": false
						}
					},
					{
						"name": "Update Pipeline Log",
						"type": "SqlServerStoredProcedure",
						"dependsOn": [
							{
								"activity": "ForEachPool",
								"dependencyConditions": [
									"Succeeded"
								]
							}
						],
						"policy": {
							"timeout": "7.00:00:00",
							"retry": 0,
							"retryIntervalInSeconds": 30,
							"secureOutput": false,
							"secureInput": false
						},
						"userProperties": [],
						"typeProperties": {
							"storedProcedureName": "[[ETLlog].[uspUpdatePipelineLog]",
							"storedProcedureParameters": {
								"PipelineLogID": {
									"value": {
										"value": "@activity('Pipeline Log Stored Procedure').output.value[0].PipelineLogID",
										"type": "Expression"
									},
									"type": "Int64"
								},
								"SourceFileProcessLogID": {
									"value": null,
									"type": "Int64"
								},
								"SourceCount": {
									"value": null,
									"type": "Int64"
								},
								"TargetCount": {
									"value": null,
									"type": "Int64"
								},
								"ErrorCount": {
									"value": null,
									"type": "Int64"
								},
								"IsLandingToRawProcessed": {
									"value": null,
									"type": "Single"
								},
								"IsRawtoStandardisedProcessed": {
									"value": null,
									"type": "Single"
								},
								"PipelineStatus": {
									"value": "Succeeded",
									"type": "String"
								},
								"SourceObjectId": {
									"value": null,
									"type": "Int64"
								},
								"SourceId": {
									"value": null,
									"type": "Int64"
								}
							}
						},
						"linkedServiceName": {
							"referenceName": "LS_edmsbxsea_asql",
							"type": "LinkedServiceReference"
						}
					},
					{
						"name": "Insert Activity Error log",
						"type": "SqlServerStoredProcedure",
						"dependsOn": [
							{
								"activity": "ForEachPool",
								"dependencyConditions": [
									"Failed"
								]
							}
						],
						"policy": {
							"timeout": "7.00:00:00",
							"retry": 0,
							"retryIntervalInSeconds": 30,
							"secureOutput": false,
							"secureInput": false
						},
						"userProperties": [],
						"typeProperties": {
							"storedProcedureName": "[[ETLlog].[uspInsertPipelineActivityErrorLog]",
							"storedProcedureParameters": {
								"ErrorMessage": {
									"value": "Creation of Job Pool Failed",
									"type": "String"
								},
								"IsLandingToRawProcessed": {
									"value": null,
									"type": "Boolean"
								},
								"IsRawtoStandardisedProcessed": {
									"value": null,
									"type": "Boolean"
								},
								"PipelineActivityLogID": {
									"value": null,
									"type": "Int32"
								},
								"PipelineLogID": {
									"value": {
										"value": "@activity('Pipeline Log Stored Procedure').output.value[0].PipelineLogID",
										"type": "Expression"
									},
									"type": "Int32"
								},
								"SoucreFileProcessLogID": {
									"value": null,
									"type": "Int32"
								}
							}
						},
						"linkedServiceName": {
							"referenceName": "LS_edmsbxsea_asql",
							"type": "LinkedServiceReference"
						}
					},
					{
						"name": "WebADFDatabricksKey",
						"type": "WebActivity",
						"dependsOn": [
							{
								"activity": "Get Pools To Be Created",
								"dependencyConditions": [
									"Succeeded"
								]
							}
						],
						"policy": {
							"timeout": "7.00:00:00",
							"retry": 0,
							"retryIntervalInSeconds": 30,
							"secureOutput": false,
							"secureInput": false
						},
						"userProperties": [],
						"typeProperties": {
							"url": {
								"value": "@concat(pipeline().parameters.DatabricksKeyUrl,'?api-version=7.0')",
								"type": "Expression"
							},
							"method": "GET",
							"authentication": {
								"type": "MSI",
								"resource": "https://vault.azure.net"
							}
						}
					},
					{
						"name": "Set Databricks Key",
						"type": "SetVariable",
						"dependsOn": [
							{
								"activity": "WebADFDatabricksKey",
								"dependencyConditions": [
									"Succeeded"
								]
							}
						],
						"userProperties": [],
						"typeProperties": {
							"variableName": "DatabricksKey",
							"value": {
								"value": "@activity('WebADFDatabricksKey').output.value",
								"type": "Expression"
							}
						}
					},
					{
						"name": "Soft Delete Current Pools",
						"type": "SqlServerStoredProcedure",
						"dependsOn": [
							{
								"activity": "Set Databricks Key",
								"dependencyConditions": [
									"Succeeded"
								]
							}
						],
						"policy": {
							"timeout": "7.00:00:00",
							"retry": 0,
							"retryIntervalInSeconds": 30,
							"secureOutput": false,
							"secureInput": false
						},
						"userProperties": [],
						"typeProperties": {
							"storedProcedureName": "[[ETLlog].[uspSoftDeleteActivePoolConfig]"
						},
						"linkedServiceName": {
							"referenceName": "LS_edmsbxsea_asql",
							"type": "LinkedServiceReference"
						}
					}
				],
				"parameters": {
					"DatabricksWorkspaceUrl": {
						"type": "string",
						"defaultValue": "https://adb-8045677374177174.14.azuredatabricks.net/api/2.0/instance-pools/create"
					},
					"DatabricksKeyUrl": {
						"type": "string",
						"defaultValue": "https://shared-sbx-sea-keyvault.vault.azure.net/secrets/DatabricksKey/b5179ce5743d4f83a9b965ac5f0649f8"
					}
				},
				"variables": {
					"DatabricksKey": {
						"type": "String"
					}
				},
				"folder": {
					"name": "Batch Ingestion"
				},
				"annotations": []
			},
			"dependsOn": []
		}
	]
}