{
	"$schema": "http://schema.management.azure.com/schemas/2015-01-01/deploymentTemplate.json#",
	"contentVersion": "1.0.0.0",
	"parameters": {
		"factoryName": {
			"type": "string",
			"metadata": "Data Factory name",
			"defaultValue": "edm-sbx-sea-adf"
		}
	},
	"variables": {
		"factoryId": "[concat('Microsoft.DataFactory/factories/', parameters('factoryName'))]"
	},
	"resources": [
		{
			"name": "[concat(parameters('factoryName'), '/Get User Name')]",
			"type": "Microsoft.DataFactory/factories/pipelines",
			"apiVersion": "2018-06-01",
			"properties": {
				"activities": [
					{
						"name": "Get Token",
						"type": "WebActivity",
						"dependsOn": [],
						"policy": {
							"timeout": "7.00:00:00",
							"retry": 0,
							"retryIntervalInSeconds": 30,
							"secureOutput": false,
							"secureInput": false
						},
						"userProperties": [],
						"typeProperties": {
							"url": "https://login.microsoftonline.com/502f8483-2aef-4fcc-b127-93bc1263aac0/oauth2/v2.0/token",
							"method": "POST",
							"headers": {
								"Content-Type": "application/x-www-form-urlencoded"
							},
							"body": "tenant=502f8483-2aef-4fcc-b127-93bc1263aac0&client_id=11209e50-9b0c-4792-b91a-40abce862e39&client_secret=_o_kU5-MEMVC~Q~AO9dH4Wr2E5-ujcjC6d&grant_type=client_credentials&scope=https://graph.microsoft.com/.default"
						}
					},
					{
						"name": "Get User",
						"type": "WebActivity",
						"dependsOn": [
							{
								"activity": "Get Token",
								"dependencyConditions": [
									"Succeeded"
								]
							}
						],
						"policy": {
							"timeout": "7.00:00:00",
							"retry": 0,
							"retryIntervalInSeconds": 30,
							"secureOutput": false,
							"secureInput": false
						},
						"userProperties": [],
						"typeProperties": {
							"url": "https://graph.microsoft.com/v1.0/users/c18afd33-4d32-42e7-afad-7c166ffcafac",
							"method": "GET",
							"headers": {
								"Authorization": {
									"value": "@concat('Bearer ', activity('Get Token').output.access_token)",
									"type": "Expression"
								}
							}
						}
					}
				],
				"annotations": []
			},
			"dependsOn": []
		}
	]
}