{
	"$schema": "http://schema.management.azure.com/schemas/2015-01-01/deploymentTemplate.json#",
	"contentVersion": "1.0.0.0",
	"parameters": {
		"factoryName": {
			"type": "string",
			"metadata": "Data Factory name",
			"defaultValue": "edm-sbx-sea-adf"
		}
	},
	"variables": {
		"factoryId": "[concat('Microsoft.DataFactory/factories/', parameters('factoryName'))]"
	},
	"resources": [
		{
			"name": "[concat(parameters('factoryName'), '/PL_EDM_BatchIngestion_LandingtoRaw')]",
			"type": "Microsoft.DataFactory/factories/pipelines",
			"apiVersion": "2018-06-01",
			"properties": {
				"activities": [
					{
						"name": "Pipeline Log Stored Procedure",
						"type": "Lookup",
						"dependsOn": [],
						"policy": {
							"timeout": "7.00:00:00",
							"retry": 0,
							"retryIntervalInSeconds": 30,
							"secureOutput": false,
							"secureInput": false
						},
						"userProperties": [],
						"typeProperties": {
							"source": {
								"type": "AzureSqlSource",
								"sqlReaderStoredProcedureName": "[[ETLlog].[uspInsertPipelineLog]",
								"storedProcedureParameters": {
									"ParentPipelineLogID": {
										"value": null
									},
									"SourceObjectID": {
										"value": null
									},
									"PipelineRunID": {
										"value": {
											"value": "@pipeline().RunId",
											"type": "Expression"
										}
									},
									"LoadType": {
										"value": "LandingToRaw"
									},
									"ObjectLoadStartDateTime": {
										"value": {
											"value": "@formatDateTime(utcnow(), 'dd-MMM-yyyy HH:mm:ss')",
											"type": "Expression"
										}
									},
									"FileName": {
										"value": {
											"value": "@pipeline().parameters.filename",
											"type": "Expression"
										}
									},
									"PipeLineName": {
										"value": {
											"value": "@pipeline().Pipeline",
											"type": "Expression"
										}
									}
								},
								"queryTimeout": "02:00:00",
								"partitionOption": "None"
							},
							"dataset": {
								"referenceName": "DS_edmsbxsea_asql",
								"type": "DatasetReference"
							},
							"firstRowOnly": false
						}
					},
					{
						"name": "Get Cluster Configuration db",
						"type": "Lookup",
						"dependsOn": [
							{
								"activity": "Look Up Control File",
								"dependencyConditions": [
									"Succeeded"
								]
							}
						],
						"policy": {
							"timeout": "7.00:00:00",
							"retry": 0,
							"retryIntervalInSeconds": 30,
							"secureOutput": false,
							"secureInput": false
						},
						"userProperties": [],
						"typeProperties": {
							"source": {
								"type": "AzureSqlSource",
								"sqlReaderStoredProcedureName": "[[ETLlog].[uspGetProcessConfiguration]",
								"storedProcedureParameters": {
									"FileName": {
										"type": "String",
										"value": {
											"value": "@pipeline().parameters.filename",
											"type": "Expression"
										}
									},
									"SourceID": {
										"type": "Int32",
										"value": null
									},
									"SourceObjectId": {
										"type": "Int32",
										"value": null
									},
									"Type": {
										"type": "String",
										"value": "LandingToRaw"
									}
								},
								"queryTimeout": "02:00:00",
								"partitionOption": "None"
							},
							"dataset": {
								"referenceName": "DS_edmsbxsea_asql",
								"type": "DatasetReference"
							},
							"firstRowOnly": true
						}
					},
					{
						"name": "Master Notebook",
						"type": "DatabricksNotebook",
						"dependsOn": [
							{
								"activity": "Insert Master Notebook Activity Log",
								"dependencyConditions": [
									"Succeeded"
								]
							}
						],
						"policy": {
							"timeout": "7.00:00:00",
							"retry": 0,
							"retryIntervalInSeconds": 30,
							"secureOutput": false,
							"secureInput": false
						},
						"userProperties": [],
						"typeProperties": {
							"notebookPath": "/Shared/FinalNotebooks/batch_ingestion_landing_to_raw",
							"baseParameters": {
								"source_file_metadata": {
									"value": "@string(activity('Look Up Control File').output.value)",
									"type": "Expression"
								},
								"adls_account_name": {
									"value": "@variables('adls_account_name')",
									"type": "Expression"
								},
								"config_path": {
									"value": "@pipeline().parameters.ConfigFileName",
									"type": "Expression"
								},
								"kv_name": {
									"value": "@variables('kv_name')",
									"type": "Expression"
								},
								"spn_id": {
									"value": "@variables('spn_id')",
									"type": "Expression"
								},
								"tenant_id": {
									"value": "@variables('tenant_id')",
									"type": "Expression"
								},
								"spn_password": {
									"value": "@variables('spn_password')",
									"type": "Expression"
								}
							},
							"libraries": [
								{
									"maven": {
										"coordinates": "com.databricks:spark-xml_2.12:0.12.0"
									}
								},
								{
									"maven": {
										"coordinates": "com.ibm.informix:odbc:4.10.10"
									}
								},
								{
									"pypi": {
										"package": "pyodbc"
									}
								},
								{
									"maven": {
										"coordinates": "com.github.gslowikowski:spark-xml-extensions:1.0.0"
									}
								},
								{
									"maven": {
										"coordinates": "com.microsoft.azure:spark-mssql-connector:1.0.1"
									}
								},
								{
									"maven": {
										"coordinates": "com.microsoft.azure:spark-mssql-connector_2.12_3.0:1.0.0-alpha"
									}
								},
								{
									"maven": {
										"coordinates": "com.microsoft.azure:azure-eventhubs-spark_2.12:2.3.18"
									}
								},
								{
									"whl": "dbfs:/edm-_Build.BuildNumber_-py3-none-any.whl"
								},
								{
									"jar": "dbfs:/pepsparkDBR_3.0.1_7.2.0.17.RC_pty.jar"
								},
								{
									"jar": "dbfs:/pephiveDBR_2.3.7_7.2.0.17.RC_pty.jar"
								},
								{
									"pypi": {
										"package": "azure-identity==1.2.0"
									}
								},
								{
									"pypi": {
										"package": "azure-keyvault==1.1.0"
									}
								},
								{
									"pypi": {
										"package": "azure-keyvault-secrets==4.0.1"
									}
								},
								{
									"pypi": {
										"package": "dotted"
									}
								},
								{
									"pypi": {
										"package": "opencensus-ext-azure==1.0.2"
									}
								},
								{
									"pypi": {
										"package": "xmltodict==0.12.0"
									}
								}
							]
						},
						"linkedServiceName": {
							"referenceName": "LS_EDMP_Adbk_BatchIngestion_ExistingInstancePool",
							"type": "LinkedServiceReference",
							"parameters": {
								"InstancePoolId": {
									"value": "@activity('Get Cluster Configuration db').output.firstRow.InstancePoolId",
									"type": "Expression"
								},
								"ClusterVersion": {
									"value": "@activity('Get Cluster Configuration db').output.firstRow.ClusterVersion",
									"type": "Expression"
								},
								"WorkerOptions": {
									"value": "@activity('Get Cluster Configuration db').output.firstRow.WorkerNode",
									"type": "Expression"
								},
								"ProjectCode": {
									"value": "@activity('Get Cluster Configuration db').output.firstRow.ProjectCode",
									"type": "Expression"
								}
							}
						}
					},
					{
						"name": "Insert Activity Error log",
						"type": "SqlServerStoredProcedure",
						"dependsOn": [
							{
								"activity": "Master Notebook",
								"dependencyConditions": [
									"Failed"
								]
							}
						],
						"policy": {
							"timeout": "7.00:00:00",
							"retry": 0,
							"retryIntervalInSeconds": 30,
							"secureOutput": false,
							"secureInput": false
						},
						"userProperties": [],
						"typeProperties": {
							"storedProcedureName": "[[ETLlog].[uspInsertPipelineActivityErrorLog]",
							"storedProcedureParameters": {
								"Details": {
									"value": "False",
									"type": "Boolean"
								},
								"ErrorMessage": {
									"value": "Landing To Raw Failed",
									"type": "String"
								},
								"IsLandingToRawProcessed": {
									"value": null,
									"type": "Boolean"
								},
								"IsRawtoStandardisedProcessed": {
									"value": null,
									"type": "Boolean"
								},
								"PipelineActivityLogID": {
									"value": {
										"value": "@activity('Insert Master Notebook Activity Log').output.firstRow.PipelineActivityLogID",
										"type": "Expression"
									},
									"type": "Int32"
								},
								"PipelineLogID": {
									"value": null,
									"type": "Int32"
								},
								"SoucreFileProcessLogID": {
									"value": null,
									"type": "Int32"
								}
							}
						},
						"linkedServiceName": {
							"referenceName": "LS_edmsbxsea_asql",
							"type": "LinkedServiceReference"
						}
					},
					{
						"name": "Update Activity Log",
						"type": "SqlServerStoredProcedure",
						"dependsOn": [
							{
								"activity": "Master Notebook",
								"dependencyConditions": [
									"Succeeded"
								]
							}
						],
						"policy": {
							"timeout": "7.00:00:00",
							"retry": 0,
							"retryIntervalInSeconds": 30,
							"secureOutput": false,
							"secureInput": false
						},
						"userProperties": [],
						"typeProperties": {
							"storedProcedureName": "[[ETLlog].[uspUpdatePipelineEtlActivityLog]",
							"storedProcedureParameters": {
								"ActivityStatus": {
									"value": "Success",
									"type": "String"
								},
								"PipelineActivityLogID": {
									"value": {
										"value": "@activity('Insert Master Notebook Activity Log').output.firstRow.PipelineActivityLogID",
										"type": "Expression"
									},
									"type": "Int32"
								}
							}
						},
						"linkedServiceName": {
							"referenceName": "LS_edmsbxsea_asql",
							"type": "LinkedServiceReference"
						}
					},
					{
						"name": "Lookup Config File",
						"type": "Lookup",
						"dependsOn": [
							{
								"activity": "Get Cluster Configuration db",
								"dependencyConditions": [
									"Succeeded"
								]
							}
						],
						"policy": {
							"timeout": "7.00:00:00",
							"retry": 0,
							"retryIntervalInSeconds": 30,
							"secureOutput": false,
							"secureInput": false
						},
						"userProperties": [],
						"typeProperties": {
							"source": {
								"type": "JsonSource",
								"storeSettings": {
									"type": "AzureBlobFSReadSettings",
									"recursive": true,
									"enablePartitionDiscovery": false
								},
								"formatSettings": {
									"type": "JsonReadSettings"
								}
							},
							"dataset": {
								"referenceName": "DS_EDMP_Adls_EnvConfig",
								"type": "DatasetReference",
								"parameters": {
									"FileSystem": {
										"value": "@pipeline().parameters.ConfigFileSystem",
										"type": "Expression"
									},
									"ConfigFileName": {
										"value": "@pipeline().parameters.ConfigFileName",
										"type": "Expression"
									}
								}
							},
							"firstRowOnly": false
						}
					},
					{
						"name": "Set SPN ID",
						"type": "SetVariable",
						"dependsOn": [
							{
								"activity": "Lookup Config File",
								"dependencyConditions": [
									"Succeeded"
								]
							}
						],
						"userProperties": [],
						"typeProperties": {
							"variableName": "spn_id",
							"value": {
								"value": "@activity('Lookup Config File').output.value[0]['spn_credentials']['spn_id']",
								"type": "Expression"
							}
						}
					},
					{
						"name": "Set Tenant ID",
						"type": "SetVariable",
						"dependsOn": [
							{
								"activity": "Lookup Config File",
								"dependencyConditions": [
									"Succeeded"
								]
							}
						],
						"userProperties": [],
						"typeProperties": {
							"variableName": "tenant_id",
							"value": {
								"value": "@activity('Lookup Config File').output.value[0]['tenant_id']",
								"type": "Expression"
							}
						}
					},
					{
						"name": "Set Keyvault name",
						"type": "SetVariable",
						"dependsOn": [
							{
								"activity": "Lookup Config File",
								"dependencyConditions": [
									"Succeeded"
								]
							}
						],
						"userProperties": [],
						"typeProperties": {
							"variableName": "kv_name",
							"value": {
								"value": "@activity('Lookup Config File').output.value[0]['keyvault']['name']",
								"type": "Expression"
							}
						}
					},
					{
						"name": "Set ADLS Account Name",
						"type": "SetVariable",
						"dependsOn": [
							{
								"activity": "Lookup Config File",
								"dependencyConditions": [
									"Succeeded"
								]
							}
						],
						"userProperties": [],
						"typeProperties": {
							"variableName": "adls_account_name",
							"value": {
								"value": "@activity('Lookup Config File').output.value[0]['adls_details']['name']",
								"type": "Expression"
							}
						}
					},
					{
						"name": "Set SPN Password",
						"type": "SetVariable",
						"dependsOn": [
							{
								"activity": "Lookup Config File",
								"dependencyConditions": [
									"Succeeded"
								]
							}
						],
						"userProperties": [],
						"typeProperties": {
							"variableName": "spn_password",
							"value": {
								"value": "@activity('Lookup Config File').output.value[0]['spn_credentials']['spn_password']\n",
								"type": "Expression"
							}
						}
					},
					{
						"name": "Look Up Control File",
						"type": "Lookup",
						"dependsOn": [
							{
								"activity": "Pipeline Log Stored Procedure",
								"dependencyConditions": [
									"Succeeded"
								]
							}
						],
						"policy": {
							"timeout": "7.00:00:00",
							"retry": 0,
							"retryIntervalInSeconds": 30,
							"secureOutput": false,
							"secureInput": false
						},
						"userProperties": [],
						"typeProperties": {
							"source": {
								"type": "DelimitedTextSource",
								"storeSettings": {
									"type": "AzureBlobStorageReadSettings",
									"recursive": true,
									"enablePartitionDiscovery": false
								},
								"formatSettings": {
									"type": "DelimitedTextReadSettings"
								}
							},
							"dataset": {
								"referenceName": "DS_edmsbxsea_ablb_intermediate",
								"type": "DatasetReference",
								"parameters": {
									"FolderName": {
										"value": "@split(pipeline().parameters.filepath, '/')[1]",
										"type": "Expression"
									},
									"FileName": {
										"value": "@pipeline().parameters.filename",
										"type": "Expression"
									}
								}
							},
							"firstRowOnly": false
						}
					},
					{
						"name": "Insert Master Notebook Activity Log",
						"type": "Lookup",
						"dependsOn": [
							{
								"activity": "Set SPN ID",
								"dependencyConditions": [
									"Succeeded"
								]
							},
							{
								"activity": "Set Tenant ID",
								"dependencyConditions": [
									"Succeeded"
								]
							},
							{
								"activity": "Set Keyvault name",
								"dependencyConditions": [
									"Succeeded"
								]
							},
							{
								"activity": "Set ADLS Account Name",
								"dependencyConditions": [
									"Succeeded"
								]
							},
							{
								"activity": "Set SPN Password",
								"dependencyConditions": [
									"Succeeded"
								]
							}
						],
						"policy": {
							"timeout": "7.00:00:00",
							"retry": 0,
							"retryIntervalInSeconds": 30,
							"secureOutput": false,
							"secureInput": false
						},
						"userProperties": [],
						"typeProperties": {
							"source": {
								"type": "AzureSqlSource",
								"sqlReaderStoredProcedureName": "[[ETLlog].[uspInsertPipelineEtlActivityLog]",
								"storedProcedureParameters": {
									"ActivityName": {
										"type": "String",
										"value": "Master Notebook"
									},
									"ActivityType": {
										"type": "String",
										"value": "Databricks"
									},
									"PipelineLogID": {
										"type": "Int32",
										"value": {
											"value": "@activity('Pipeline Log Stored Procedure').output.value[0].PipelineLogID",
											"type": "Expression"
										}
									},
									"SourceObjectID": {
										"type": "Int32",
										"value": null
									}
								},
								"queryTimeout": "02:00:00",
								"partitionOption": "None"
							},
							"dataset": {
								"referenceName": "DS_edmsbxsea_asql",
								"type": "DatasetReference"
							}
						}
					},
					{
						"name": "Update Pipeline Log",
						"type": "SqlServerStoredProcedure",
						"dependsOn": [
							{
								"activity": "Update Activity Log",
								"dependencyConditions": [
									"Succeeded"
								]
							}
						],
						"policy": {
							"timeout": "7.00:00:00",
							"retry": 0,
							"retryIntervalInSeconds": 30,
							"secureOutput": false,
							"secureInput": false
						},
						"userProperties": [],
						"typeProperties": {
							"storedProcedureName": "[[ETLlog].[uspUpdatePipelineLog]",
							"storedProcedureParameters": {
								"Details": {
									"value": "False",
									"type": "Boolean"
								},
								"ErrorCount": {
									"value": null,
									"type": "Int64"
								},
								"IsCDCFile": {
									"value": null,
									"type": "Boolean"
								},
								"IsLandingToRawProcessed": {
									"value": null,
									"type": "Boolean"
								},
								"IsRawtoStandardisedProcessed": {
									"value": null,
									"type": "Boolean"
								},
								"PipelineLogID": {
									"value": {
										"value": "@activity('Pipeline Log Stored Procedure').output.value[0].PipelineLogID",
										"type": "Expression"
									},
									"type": "Int32"
								},
								"PipelineStatus": {
									"value": "Success",
									"type": "String"
								},
								"RawFileStatus": {
									"value": null,
									"type": "String"
								},
								"RawPath": {
									"value": null,
									"type": "String"
								},
								"SourceCount": {
									"value": null,
									"type": "Int64"
								},
								"SourceFileProcessLogID": {
									"value": null,
									"type": "Int32"
								},
								"SourceFileStatus": {
									"value": null,
									"type": "String"
								},
								"SourceId": {
									"value": null,
									"type": "Int32"
								},
								"SourceObjectId": {
									"value": null,
									"type": "Int32"
								},
								"TargetCount": {
									"value": null,
									"type": "Int64"
								}
							}
						},
						"linkedServiceName": {
							"referenceName": "LS_edmsbxsea_asql",
							"type": "LinkedServiceReference"
						}
					},
					{
						"name": "Update Pipeline Error Log",
						"type": "SqlServerStoredProcedure",
						"dependsOn": [
							{
								"activity": "Insert Activity Error log",
								"dependencyConditions": [
									"Succeeded"
								]
							}
						],
						"policy": {
							"timeout": "7.00:00:00",
							"retry": 0,
							"retryIntervalInSeconds": 30,
							"secureOutput": false,
							"secureInput": false
						},
						"userProperties": [],
						"typeProperties": {
							"storedProcedureName": "[[ETLlog].[uspUpdatePipelineLog]",
							"storedProcedureParameters": {
								"Details": {
									"value": "False",
									"type": "Boolean"
								},
								"ErrorCount": {
									"value": null,
									"type": "Int64"
								},
								"IsCDCFile": {
									"value": null,
									"type": "Boolean"
								},
								"IsLandingToRawProcessed": {
									"value": null,
									"type": "Boolean"
								},
								"IsRawtoStandardisedProcessed": {
									"value": null,
									"type": "Boolean"
								},
								"PipelineLogID": {
									"value": {
										"value": "@activity('Pipeline Log Stored Procedure').output.value[0].PipelineLogID",
										"type": "Expression"
									},
									"type": "Int32"
								},
								"PipelineStatus": {
									"value": "Failed",
									"type": "String"
								},
								"RawFileStatus": {
									"value": null,
									"type": "String"
								},
								"RawPath": {
									"value": null,
									"type": "String"
								},
								"SourceCount": {
									"value": null,
									"type": "Int64"
								},
								"SourceFileProcessLogID": {
									"value": null,
									"type": "Int32"
								},
								"SourceFileStatus": {
									"value": null,
									"type": "String"
								},
								"SourceId": {
									"value": null,
									"type": "Int32"
								},
								"SourceObjectId": {
									"value": null,
									"type": "Int32"
								},
								"TargetCount": {
									"value": null,
									"type": "Int64"
								}
							}
						},
						"linkedServiceName": {
							"referenceName": "LS_edmsbxsea_asql",
							"type": "LinkedServiceReference"
						}
					}
				],
				"parameters": {
					"filename": {
						"type": "string",
						"defaultValue": "hog_input_20210728T082017.csv"
					},
					"filepath": {
						"type": "string",
						"defaultValue": "intermediate/hog"
					},
					"ConfigFileName": {
						"type": "string",
						"defaultValue": "scb_env_config.json"
					},
					"ConfigFileSystem": {
						"type": "string",
						"defaultValue": "raw"
					},
					"FrequencyDurationUnit": {
						"type": "string",
						"defaultValue": "Day"
					}
				},
				"variables": {
					"spn_id": {
						"type": "String"
					},
					"tenant_id": {
						"type": "String"
					},
					"kv_name": {
						"type": "String"
					},
					"adls_account_name": {
						"type": "String"
					},
					"spn_password": {
						"type": "String"
					}
				},
				"folder": {
					"name": "Batch Ingestion"
				},
				"annotations": []
			},
			"dependsOn": []
		},
		{
			"name": "[concat(parameters('factoryName'), '/PL_EDM_BatchIngestion_RawToStandardized')]",
			"type": "Microsoft.DataFactory/factories/pipelines",
			"apiVersion": "2018-06-01",
			"properties": {
				"activities": [
					{
						"name": "Pipeline Log Stored Procedure",
						"type": "Lookup",
						"dependsOn": [],
						"policy": {
							"timeout": "7.00:00:00",
							"retry": 0,
							"retryIntervalInSeconds": 30,
							"secureOutput": false,
							"secureInput": false
						},
						"userProperties": [],
						"typeProperties": {
							"source": {
								"type": "AzureSqlSource",
								"sqlReaderStoredProcedureName": "[[ETLlog].[uspInsertPipelineLog]",
								"storedProcedureParameters": {
									"ParentPipelineLogID": {
										"value": null
									},
									"SourceObjectID": {
										"value": null
									},
									"PipelineRunID": {
										"value": {
											"value": "@pipeline().RunId",
											"type": "Expression"
										}
									},
									"LoadType": {
										"value": "RawToStandardized"
									},
									"ObjectLoadStartDateTime": {
										"value": {
											"value": "@formatDateTime(utcnow(), 'dd-MMM-yyyy HH:mm:ss')",
											"type": "Expression"
										}
									},
									"FileName": {
										"value": null
									},
									"PipeLineName": {
										"value": {
											"value": "@pipeline().Pipeline",
											"type": "Expression"
										}
									}
								},
								"queryTimeout": "02:00:00",
								"partitionOption": "None"
							},
							"dataset": {
								"referenceName": "DS_edmsbxsea_asql",
								"type": "DatasetReference"
							},
							"firstRowOnly": true
						}
					},
					{
						"name": "Set SPN ID",
						"type": "SetVariable",
						"dependsOn": [
							{
								"activity": "Lookup Config File",
								"dependencyConditions": [
									"Succeeded"
								]
							}
						],
						"userProperties": [],
						"typeProperties": {
							"variableName": "spn_id",
							"value": {
								"value": "@activity('Lookup Config File').output.value[0]['spn_credentials']['spn_id']",
								"type": "Expression"
							}
						}
					},
					{
						"name": "Set Tenant ID",
						"type": "SetVariable",
						"dependsOn": [
							{
								"activity": "Lookup Config File",
								"dependencyConditions": [
									"Succeeded"
								]
							}
						],
						"userProperties": [],
						"typeProperties": {
							"variableName": "tenant_id",
							"value": {
								"value": "@activity('Lookup Config File').output.value[0]['tenant_id']",
								"type": "Expression"
							}
						}
					},
					{
						"name": "Lookup Config File",
						"type": "Lookup",
						"dependsOn": [
							{
								"activity": "Lookup Source to be processed",
								"dependencyConditions": [
									"Succeeded"
								]
							}
						],
						"policy": {
							"timeout": "7.00:00:00",
							"retry": 0,
							"retryIntervalInSeconds": 30,
							"secureOutput": false,
							"secureInput": false
						},
						"userProperties": [],
						"typeProperties": {
							"source": {
								"type": "JsonSource",
								"storeSettings": {
									"type": "AzureBlobFSReadSettings",
									"recursive": true,
									"enablePartitionDiscovery": false
								},
								"formatSettings": {
									"type": "JsonReadSettings"
								}
							},
							"dataset": {
								"referenceName": "DS_EDMP_Adls_EnvConfig",
								"type": "DatasetReference",
								"parameters": {
									"FileSystem": {
										"value": "@pipeline().parameters.ConfigFileSystem",
										"type": "Expression"
									},
									"ConfigFileName": {
										"value": "@pipeline().parameters.ConfigFileName",
										"type": "Expression"
									}
								}
							},
							"firstRowOnly": false
						}
					},
					{
						"name": "Set Keyvault name",
						"type": "SetVariable",
						"dependsOn": [
							{
								"activity": "Lookup Config File",
								"dependencyConditions": [
									"Succeeded"
								]
							}
						],
						"userProperties": [],
						"typeProperties": {
							"variableName": "kv_name",
							"value": {
								"value": "@activity('Lookup Config File').output.value[0]['keyvault']['name']",
								"type": "Expression"
							}
						}
					},
					{
						"name": "Set ADLS Account Name",
						"type": "SetVariable",
						"dependsOn": [
							{
								"activity": "Lookup Config File",
								"dependencyConditions": [
									"Succeeded"
								]
							}
						],
						"userProperties": [],
						"typeProperties": {
							"variableName": "adls_account_name",
							"value": {
								"value": "@activity('Lookup Config File').output.value[0]['adls_details']['name']",
								"type": "Expression"
							}
						}
					},
					{
						"name": "Set SPN Password",
						"type": "SetVariable",
						"dependsOn": [
							{
								"activity": "Lookup Config File",
								"dependencyConditions": [
									"Succeeded"
								]
							}
						],
						"userProperties": [],
						"typeProperties": {
							"variableName": "spn_password",
							"value": {
								"value": "@activity('Lookup Config File').output.value[0]['spn_credentials']['spn_password']",
								"type": "Expression"
							}
						}
					},
					{
						"name": "For Each Source",
						"type": "ForEach",
						"dependsOn": [
							{
								"activity": "Insert Activity Log",
								"dependencyConditions": [
									"Succeeded"
								]
							}
						],
						"userProperties": [],
						"typeProperties": {
							"items": {
								"value": "@activity('Lookup Source to be processed').output.value",
								"type": "Expression"
							},
							"activities": [
								{
									"name": "Get Object Ids to process",
									"type": "Lookup",
									"dependsOn": [
										{
											"activity": "Get Cluster Configuration",
											"dependencyConditions": [
												"Succeeded"
											]
										}
									],
									"policy": {
										"timeout": "7.00:00:00",
										"retry": 0,
										"retryIntervalInSeconds": 30,
										"secureOutput": false,
										"secureInput": false
									},
									"userProperties": [],
									"typeProperties": {
										"source": {
											"type": "AzureSqlSource",
											"sqlReaderStoredProcedureName": "[[ETLlog].[uspGetSourceObjectIdToProcess]",
											"storedProcedureParameters": {
												"SourceId": {
													"type": "Int32",
													"value": {
														"value": "@item().SourceId",
														"type": "Expression"
													}
												}
											},
											"queryTimeout": "02:00:00",
											"partitionOption": "None"
										},
										"dataset": {
											"referenceName": "DS_edmsbxsea_asql",
											"type": "DatasetReference"
										},
										"firstRowOnly": false
									}
								},
								{
									"name": "Get Cluster Configuration",
									"type": "Lookup",
									"dependsOn": [],
									"policy": {
										"timeout": "7.00:00:00",
										"retry": 0,
										"retryIntervalInSeconds": 30,
										"secureOutput": false,
										"secureInput": false
									},
									"userProperties": [],
									"typeProperties": {
										"source": {
											"type": "AzureSqlSource",
											"sqlReaderStoredProcedureName": "[[ETLlog].[uspGetProcessConfiguration]",
											"storedProcedureParameters": {
												"FileName": {
													"type": "String",
													"value": null
												},
												"SourceID": {
													"type": "Int32",
													"value": {
														"value": "@item().SourceId",
														"type": "Expression"
													}
												},
												"SourceObjectId": {
													"type": "Int32",
													"value": null
												},
												"Type": {
													"type": "String",
													"value": "RawToStandardized"
												}
											},
											"queryTimeout": "02:00:00",
											"partitionOption": "None"
										},
										"dataset": {
											"referenceName": "DS_edmsbxsea_asql",
											"type": "DatasetReference"
										},
										"firstRowOnly": true
									}
								},
								{
									"name": "If Condition",
									"type": "IfCondition",
									"dependsOn": [
										{
											"activity": "Get Object Ids to process",
											"dependencyConditions": [
												"Succeeded"
											]
										}
									],
									"userProperties": [],
									"typeProperties": {
										"expression": {
											"value": "@equals(activity('Get Cluster Configuration').output.firstRow.ClusterType,'NewJobCluster')",
											"type": "Expression"
										},
										"ifFalseActivities": [
											{
												"name": "RawToStandardizedExistingInstacePool",
												"type": "DatabricksNotebook",
												"dependsOn": [],
												"policy": {
													"timeout": "7.00:00:00",
													"retry": 0,
													"retryIntervalInSeconds": 30,
													"secureOutput": false,
													"secureInput": false
												},
												"userProperties": [],
												"typeProperties": {
													"notebookPath": "/Shared/FinalNotebooks/batch_ingestion_raw_to_standardized",
													"baseParameters": {
														"raw_file_metadata": {
															"value": "@string(activity('Get Object Ids to process').output.value)",
															"type": "Expression"
														},
														"source_id": {
															"value": "@string(item().SourceId)",
															"type": "Expression"
														},
														"adls_account_name": {
															"value": "@variables('adls_account_name')",
															"type": "Expression"
														},
														"config_path": "scb_env_config.json",
														"kv_name": {
															"value": "@variables('kv_name')",
															"type": "Expression"
														},
														"spn_id": {
															"value": "@variables('spn_id')",
															"type": "Expression"
														},
														"tenant_id": {
															"value": "@variables('tenant_id')",
															"type": "Expression"
														},
														"spn_password": {
															"value": "@variables('spn_password')",
															"type": "Expression"
														}
													},
													"libraries": [
														{
															"maven": {
																"coordinates": "com.databricks:spark-xml_2.12:0.12.0"
															}
														},
														{
															"maven": {
																"coordinates": "com.ibm.informix:odbc:4.10.10"
															}
														},
														{
															"pypi": {
																"package": "pyodbc"
															}
														},
														{
															"maven": {
																"coordinates": "com.github.gslowikowski:spark-xml-extensions:1.0.0"
															}
														},
														{
															"maven": {
																"coordinates": "com.microsoft.azure:spark-mssql-connector:1.0.1"
															}
														},
														{
															"maven": {
																"coordinates": "com.microsoft.azure:spark-mssql-connector_2.12_3.0:1.0.0-alpha"
															}
														},
														{
															"maven": {
																"coordinates": "com.microsoft.azure:azure-eventhubs-spark_2.12:2.3.18"
															}
														},
														{
															"whl": "dbfs:/edm-_Build.BuildNumber_-py3-none-any.whl"
														},
														{
															"jar": "dbfs:/pepsparkDBR_3.0.1_7.2.0.17.RC_pty.jar"
														},
														{
															"jar": "dbfs:/pephiveDBR_2.3.7_7.2.0.17.RC_pty.jar"
														},
														{
															"pypi": {
																"package": "azure-identity==1.2.0"
															}
														},
														{
															"pypi": {
																"package": "azure-keyvault==1.1.0"
															}
														},
														{
															"pypi": {
																"package": "azure-keyvault-secrets==4.0.1"
															}
														},
														{
															"pypi": {
																"package": "dotted"
															}
														},
														{
															"pypi": {
																"package": "opencensus-ext-azure==1.0.2"
															}
														},
														{
															"pypi": {
																"package": "xmltodict==0.12.0"
															}
														}
													]
												},
												"linkedServiceName": {
													"referenceName": "LS_EDMP_Adbk_BatchIngestion_ExistingInstancePool",
													"type": "LinkedServiceReference",
													"parameters": {
														"InstancePoolId": {
															"value": "@activity('Get Cluster Configuration').output.firstRow.InstancePoolId",
															"type": "Expression"
														},
														"ClusterVersion": {
															"value": "@activity('Get Cluster Configuration').output.firstRow.ClusterVersion",
															"type": "Expression"
														},
														"WorkerOptions": {
															"value": "@activity('Get Cluster Configuration').output.firstRow.WorkerNode",
															"type": "Expression"
														},
														"ProjectCode": {
															"value": "@activity('Get Cluster Configuration').output.firstRow.ProjectCode",
															"type": "Expression"
														}
													}
												}
											}
										],
										"ifTrueActivities": [
											{
												"name": "RawToStandardizedNewJobCluster",
												"type": "DatabricksNotebook",
												"dependsOn": [],
												"policy": {
													"timeout": "7.00:00:00",
													"retry": 0,
													"retryIntervalInSeconds": 30,
													"secureOutput": false,
													"secureInput": false
												},
												"userProperties": [],
												"typeProperties": {
													"notebookPath": "/Shared/FinalNotebooks/batch_ingestion_raw_to_standardized",
													"baseParameters": {
														"raw_file_metadata": {
															"value": "@string(activity('Get Object Ids to process').output.value)",
															"type": "Expression"
														},
														"adls_account_name": {
															"value": "@variables('adls_account_name')",
															"type": "Expression"
														},
														"config_path": {
															"value": "@pipeline().parameters.ConfigFileName",
															"type": "Expression"
														},
														"kv_name": {
															"value": "@variables('kv_name')",
															"type": "Expression"
														},
														"spn_id": {
															"value": "@variables('spn_id')",
															"type": "Expression"
														},
														"tenant_id": {
															"value": "@variables('tenant_id')",
															"type": "Expression"
														},
														"spn_password": {
															"value": "@variables('spn_password')",
															"type": "Expression"
														},
														"source_id": {
															"value": "@string(item().SourceId)",
															"type": "Expression"
														}
													},
													"libraries": [
														{
															"maven": {
																"coordinates": "com.databricks:spark-xml_2.12:0.12.0"
															}
														},
														{
															"maven": {
																"coordinates": "com.ibm.informix:odbc:4.10.10"
															}
														},
														{
															"pypi": {
																"package": "pyodbc"
															}
														},
														{
															"maven": {
																"coordinates": "com.github.gslowikowski:spark-xml-extensions:1.0.0"
															}
														},
														{
															"maven": {
																"coordinates": "com.microsoft.azure:spark-mssql-connector:1.0.1"
															}
														},
														{
															"maven": {
																"coordinates": "com.microsoft.azure:spark-mssql-connector_2.12_3.0:1.0.0-alpha"
															}
														},
														{
															"maven": {
																"coordinates": "com.microsoft.azure:azure-eventhubs-spark_2.12:2.3.18"
															}
														},
														{
															"whl": "dbfs:/edm-_Build.BuildNumber_-py3-none-any.whl"
														},
														{
															"jar": "dbfs:/pepsparkDBR_3.0.1_7.2.0.17.RC_pty.jar"
														},
														{
															"jar": "dbfs:/pephiveDBR_2.3.7_7.2.0.17.RC_pty.jar"
														},
														{
															"pypi": {
																"package": "azure-identity==1.2.0"
															}
														},
														{
															"pypi": {
																"package": "azure-keyvault==1.1.0"
															}
														},
														{
															"pypi": {
																"package": "azure-keyvault-secrets==4.0.1"
															}
														},
														{
															"pypi": {
																"package": "dotted"
															}
														},
														{
															"pypi": {
																"package": "opencensus-ext-azure==1.0.2"
															}
														},
														{
															"pypi": {
																"package": "xmltodict==0.12.0"
															}
														}
													]
												},
												"linkedServiceName": {
													"referenceName": "LS_EDMP_Adbk_BatchIngestion_NewJobCluster",
													"type": "LinkedServiceReference",
													"parameters": {
														"ClusterVersion": {
															"value": "@activity('Get Cluster Configuration').output.firstRow.ClusterVersion",
															"type": "Expression"
														},
														"ClusterNodeType": {
															"value": "@activity('Get Cluster Configuration').output.firstRow.ClusterNodeType",
															"type": "Expression"
														},
														"ClusterDriverNodeType": {
															"value": "@activity('Get Cluster Configuration').output.firstRow.ClusterDriverType",
															"type": "Expression"
														},
														"WorkerOptions": {
															"value": "@activity('Get Cluster Configuration').output.firstRow.WorkerNode",
															"type": "Expression"
														},
														"ProjectCode": {
															"value": "@activity('Get Cluster Configuration').output.firstRow.ProjectCode",
															"type": "Expression"
														}
													}
												}
											}
										]
									}
								}
							]
						}
					},
					{
						"name": "Lookup Source to be processed",
						"type": "Lookup",
						"dependsOn": [
							{
								"activity": "Pipeline Log Stored Procedure",
								"dependencyConditions": [
									"Succeeded"
								]
							}
						],
						"policy": {
							"timeout": "7.00:00:00",
							"retry": 0,
							"retryIntervalInSeconds": 30,
							"secureOutput": false,
							"secureInput": false
						},
						"userProperties": [],
						"typeProperties": {
							"source": {
								"type": "AzureSqlSource",
								"sqlReaderStoredProcedureName": "[[ETLlog].[uspGetSourceToProcessed]",
								"storedProcedureParameters": {
									"FrequencyDurationUnit": {
										"type": "String",
										"value": "Day"
									}
								},
								"queryTimeout": "02:00:00",
								"partitionOption": "None"
							},
							"dataset": {
								"referenceName": "DS_edmsbxsea_asql",
								"type": "DatasetReference"
							},
							"firstRowOnly": false
						}
					},
					{
						"name": "Update Activity Log",
						"type": "SqlServerStoredProcedure",
						"dependsOn": [
							{
								"activity": "For Each Source",
								"dependencyConditions": [
									"Succeeded"
								]
							}
						],
						"policy": {
							"timeout": "7.00:00:00",
							"retry": 0,
							"retryIntervalInSeconds": 30,
							"secureOutput": false,
							"secureInput": false
						},
						"userProperties": [],
						"typeProperties": {
							"storedProcedureName": "[[ETLlog].[uspUpdatePipelineEtlActivityLog]",
							"storedProcedureParameters": {
								"ActivityStatus": {
									"value": "Success",
									"type": "String"
								},
								"PipelineActivityLogID": {
									"value": {
										"value": "@activity('Insert Activity Log').output.firstRow.PipelineActivityLogID",
										"type": "Expression"
									},
									"type": "Int32"
								}
							}
						},
						"linkedServiceName": {
							"referenceName": "LS_edmsbxsea_asql",
							"type": "LinkedServiceReference"
						}
					},
					{
						"name": "Update Activity Error Log",
						"type": "SqlServerStoredProcedure",
						"dependsOn": [
							{
								"activity": "For Each Source",
								"dependencyConditions": [
									"Failed"
								]
							}
						],
						"policy": {
							"timeout": "7.00:00:00",
							"retry": 0,
							"retryIntervalInSeconds": 30,
							"secureOutput": false,
							"secureInput": false
						},
						"userProperties": [],
						"typeProperties": {
							"storedProcedureName": "[[ETLlog].[uspInsertPipelineActivityErrorLog]",
							"storedProcedureParameters": {
								"Details": {
									"value": "False",
									"type": "Boolean"
								},
								"ErrorMessage": {
									"value": "Raw to Standardized failed",
									"type": "String"
								},
								"IsLandingToRawProcessed": {
									"value": null,
									"type": "Boolean"
								},
								"IsRawtoStandardisedProcessed": {
									"value": null,
									"type": "Boolean"
								},
								"PipelineActivityLogID": {
									"value": {
										"value": "@activity('Insert Activity Log').output.firstRow.PipelineActivityLogID",
										"type": "Expression"
									},
									"type": "Int32"
								},
								"PipelineLogID": {
									"value": null,
									"type": "Int32"
								},
								"SoucreFileProcessLogID": {
									"value": null,
									"type": "Int32"
								}
							}
						},
						"linkedServiceName": {
							"referenceName": "LS_edmsbxsea_asql",
							"type": "LinkedServiceReference"
						}
					},
					{
						"name": "Update Pipeline Log",
						"type": "SqlServerStoredProcedure",
						"dependsOn": [
							{
								"activity": "Update Activity Log",
								"dependencyConditions": [
									"Succeeded"
								]
							}
						],
						"policy": {
							"timeout": "7.00:00:00",
							"retry": 0,
							"retryIntervalInSeconds": 30,
							"secureOutput": false,
							"secureInput": false
						},
						"userProperties": [],
						"typeProperties": {
							"storedProcedureName": "[[ETLlog].[uspUpdatePipelineLog]",
							"storedProcedureParameters": {
								"Details": {
									"value": "False",
									"type": "Boolean"
								},
								"ErrorCount": {
									"value": null,
									"type": "Int64"
								},
								"IsCDCFile": {
									"value": null,
									"type": "Boolean"
								},
								"IsLandingToRawProcessed": {
									"value": null,
									"type": "Boolean"
								},
								"IsRawtoStandardisedProcessed": {
									"value": null,
									"type": "Boolean"
								},
								"PipelineLogID": {
									"value": {
										"value": "@activity('Pipeline Log Stored Procedure').output.firstRow.PipelineLogId",
										"type": "Expression"
									},
									"type": "Int32"
								},
								"PipelineStatus": {
									"value": "Success",
									"type": "String"
								},
								"RawFileStatus": {
									"value": null,
									"type": "String"
								},
								"RawPath": {
									"value": null,
									"type": "String"
								},
								"SourceCount": {
									"value": null,
									"type": "Int64"
								},
								"SourceFileProcessLogID": {
									"value": null,
									"type": "Int32"
								},
								"SourceFileStatus": {
									"value": null,
									"type": "String"
								},
								"SourceId": {
									"value": null,
									"type": "Int32"
								},
								"SourceObjectId": {
									"value": null,
									"type": "Int32"
								},
								"TargetCount": {
									"value": null,
									"type": "Int64"
								}
							}
						},
						"linkedServiceName": {
							"referenceName": "LS_edmsbxsea_asql",
							"type": "LinkedServiceReference"
						}
					},
					{
						"name": "UpdatePipeline Error Log",
						"type": "SqlServerStoredProcedure",
						"dependsOn": [
							{
								"activity": "Update Activity Error Log",
								"dependencyConditions": [
									"Succeeded"
								]
							}
						],
						"policy": {
							"timeout": "7.00:00:00",
							"retry": 0,
							"retryIntervalInSeconds": 30,
							"secureOutput": false,
							"secureInput": false
						},
						"userProperties": [],
						"typeProperties": {
							"storedProcedureName": "[[ETLlog].[uspUpdatePipelineLog]",
							"storedProcedureParameters": {
								"Details": {
									"value": "False",
									"type": "Boolean"
								},
								"ErrorCount": {
									"value": null,
									"type": "Int64"
								},
								"IsCDCFile": {
									"value": null,
									"type": "Boolean"
								},
								"IsLandingToRawProcessed": {
									"value": null,
									"type": "Boolean"
								},
								"IsRawtoStandardisedProcessed": {
									"value": null,
									"type": "Boolean"
								},
								"PipelineLogID": {
									"value": {
										"value": "@activity('Pipeline Log Stored Procedure').output.firstRow.PipelineLogId",
										"type": "Expression"
									},
									"type": "Int32"
								},
								"PipelineStatus": {
									"value": "Failed",
									"type": "String"
								},
								"RawFileStatus": {
									"value": null,
									"type": "String"
								},
								"RawPath": {
									"value": null,
									"type": "String"
								},
								"SourceCount": {
									"value": null,
									"type": "Int64"
								},
								"SourceFileProcessLogID": {
									"value": null,
									"type": "Int32"
								},
								"SourceFileStatus": {
									"value": null,
									"type": "String"
								},
								"SourceId": {
									"value": null,
									"type": "Int32"
								},
								"SourceObjectId": {
									"value": null,
									"type": "Int32"
								},
								"TargetCount": {
									"value": null,
									"type": "Int64"
								}
							}
						},
						"linkedServiceName": {
							"referenceName": "LS_edmsbxsea_asql",
							"type": "LinkedServiceReference"
						}
					},
					{
						"name": "Insert Activity Log",
						"type": "Lookup",
						"dependsOn": [
							{
								"activity": "Set SPN ID",
								"dependencyConditions": [
									"Succeeded"
								]
							},
							{
								"activity": "Set Tenant ID",
								"dependencyConditions": [
									"Succeeded"
								]
							},
							{
								"activity": "Set Keyvault name",
								"dependencyConditions": [
									"Succeeded"
								]
							},
							{
								"activity": "Set ADLS Account Name",
								"dependencyConditions": [
									"Succeeded"
								]
							},
							{
								"activity": "Set SPN Password",
								"dependencyConditions": [
									"Succeeded"
								]
							}
						],
						"policy": {
							"timeout": "7.00:00:00",
							"retry": 0,
							"retryIntervalInSeconds": 30,
							"secureOutput": false,
							"secureInput": false
						},
						"userProperties": [],
						"typeProperties": {
							"source": {
								"type": "AzureSqlSource",
								"sqlReaderStoredProcedureName": "[[ETLlog].[uspInsertPipelineEtlActivityLog]",
								"storedProcedureParameters": {
									"ActivityName": {
										"type": "String",
										"value": "RawToStandardizedProcessing"
									},
									"ActivityType": {
										"type": "String",
										"value": "Databricks"
									},
									"PipelineLogID": {
										"type": "Int32",
										"value": {
											"value": "@activity('Pipeline Log Stored Procedure').output.firstRow.PipelineLogID",
											"type": "Expression"
										}
									},
									"SourceObjectID": {
										"type": "Int32",
										"value": null
									}
								},
								"queryTimeout": "02:00:00",
								"partitionOption": "None"
							},
							"dataset": {
								"referenceName": "DS_edmsbxsea_asql",
								"type": "DatasetReference"
							}
						}
					}
				],
				"parameters": {
					"FrequencyDurationUnit": {
						"type": "string",
						"defaultValue": "Day"
					},
					"ConfigFileSystem": {
						"type": "string",
						"defaultValue": "raw"
					},
					"ConfigFileName": {
						"type": "string",
						"defaultValue": "scb_env_config.json"
					}
				},
				"variables": {
					"spn_id": {
						"type": "String"
					},
					"tenant_id": {
						"type": "String"
					},
					"kv_name": {
						"type": "String"
					},
					"adls_account_name": {
						"type": "String"
					},
					"spn_password": {
						"type": "String"
					}
				},
				"folder": {
					"name": "Batch Ingestion"
				},
				"annotations": []
			},
			"dependsOn": []
		}
	]
}