{
	"$schema": "http://schema.management.azure.com/schemas/2015-01-01/deploymentTemplate.json#",
	"contentVersion": "1.0.0.0",
	"parameters": {
		"factoryName": {
			"type": "string",
			"metadata": "Data Factory name",
			"defaultValue": "edm-sbx-sea-adf"
		}
	},
	"variables": {
		"factoryId": "[concat('Microsoft.DataFactory/factories/', parameters('factoryName'))]"
	},
	"resources": [
		{
			"name": "[concat(parameters('factoryName'), '/PL_edmsbxsea_LandingtoRaw')]",
			"type": "Microsoft.DataFactory/factories/pipelines",
			"apiVersion": "2018-06-01",
			"properties": {
				"activities": [
					{
						"name": "Landing Files Processing",
						"type": "DatabricksNotebook",
						"dependsOn": [],
						"policy": {
							"timeout": "7.00:00:00",
							"retry": 0,
							"retryIntervalInSeconds": 30,
							"secureOutput": false,
							"secureInput": false
						},
						"userProperties": [],
						"typeProperties": {
							"notebookPath": "/Users/v-vjangid@microsoft.com/SCB_Batch_Ingestion_Framework/LandingToRawProcessing",
							"baseParameters": {
								"Filename": {
									"value": "@pipeline().parameters.filename",
									"type": "Expression"
								},
								"Source": {
									"value": "@split(pipeline().parameters.filepath, '/')[1]",
									"type": "Expression"
								},
								"Country": {
									"value": "@split(pipeline().parameters.filepath, '/')[2]",
									"type": "Expression"
								}
							}
						},
						"linkedServiceName": {
							"referenceName": "LS_edmsbxsea_adbk",
							"type": "LinkedServiceReference"
						}
					},
					{
						"name": "Conditional Validation",
						"type": "IfCondition",
						"dependsOn": [
							{
								"activity": "Landing Files Processing",
								"dependencyConditions": [
									"Succeeded"
								]
							}
						],
						"userProperties": [],
						"typeProperties": {
							"expression": {
								"value": "@and(equals(activity('Landing Files Processing').output.runOutput.rowCount, 0), equals(activity('Landing Files Processing').output.runOutput.controlFile, 'True'))",
								"type": "Expression"
							},
							"ifFalseActivities": [
								{
									"name": "Child_pipeline",
									"type": "ExecutePipeline",
									"dependsOn": [],
									"userProperties": [],
									"typeProperties": {
										"pipeline": {
											"referenceName": "PL_edmsbxsea_LandingtoRaw_child",
											"type": "PipelineReference"
										},
										"waitOnCompletion": true,
										"parameters": {
											"fileName": {
												"value": "@pipeline().parameters.filename",
												"type": "Expression"
											},
											"count": {
												"value": "@activity('Landing Files Processing').output.runOutput.rowCount",
												"type": "Expression"
											},
											"source": {
												"value": "@split(pipeline().parameters.filepath, '/')[1]",
												"type": "Expression"
											},
											"countryCode": {
												"value": "@split(pipeline().parameters.filepath, '/')[2]",
												"type": "Expression"
											}
										}
									}
								}
							],
							"ifTrueActivities": [
								{
									"name": "Move Control Files to Raw",
									"type": "Copy",
									"dependsOn": [],
									"policy": {
										"timeout": "7.00:00:00",
										"retry": 0,
										"retryIntervalInSeconds": 30,
										"secureOutput": false,
										"secureInput": false
									},
									"userProperties": [],
									"typeProperties": {
										"source": {
											"type": "DelimitedTextSource",
											"storeSettings": {
												"type": "AzureBlobStorageReadSettings",
												"recursive": true,
												"enablePartitionDiscovery": false
											},
											"formatSettings": {
												"type": "DelimitedTextReadSettings"
											}
										},
										"sink": {
											"type": "DelimitedTextSink",
											"storeSettings": {
												"type": "AzureBlobFSWriteSettings"
											},
											"formatSettings": {
												"type": "DelimitedTextWriteSettings",
												"quoteAllText": true,
												"fileExtension": ".txt"
											}
										},
										"enableStaging": false,
										"translator": {
											"type": "TabularTranslator",
											"typeConversion": true,
											"typeConversionSettings": {
												"allowDataTruncation": true,
												"treatBooleanAsNumber": false
											}
										}
									},
									"inputs": [
										{
											"referenceName": "DS_edmsbxsea_ablb_lr_Input",
											"type": "DatasetReference",
											"parameters": {
												"fileName": {
													"value": "@pipeline().parameters.filename",
													"type": "Expression"
												},
												"source": {
													"value": "@split(pipeline().parameters.filepath, '/')[1]",
													"type": "Expression"
												},
												"countryCode": {
													"value": "@split(pipeline().parameters.filepath, '/')[2]",
													"type": "Expression"
												}
											}
										}
									],
									"outputs": [
										{
											"referenceName": "DS_edmbxsea_adls_control",
											"type": "DatasetReference",
											"parameters": {
												"Filename": {
													"value": "@pipeline().parameters.filename",
													"type": "Expression"
												},
												"Source": {
													"value": "@split(pipeline().parameters.filepath, '/')[0]",
													"type": "Expression"
												},
												"Country_Code": {
													"value": "@split(pipeline().parameters.filepath, '/')[1]",
													"type": "Expression"
												}
											}
										}
									]
								},
								{
									"name": "DeleteTheEmptyFiles",
									"type": "Delete",
									"dependsOn": [
										{
											"activity": "Move Control Files to Raw",
											"dependencyConditions": [
												"Succeeded"
											]
										}
									],
									"policy": {
										"timeout": "7.00:00:00",
										"retry": 0,
										"retryIntervalInSeconds": 30,
										"secureOutput": false,
										"secureInput": false
									},
									"userProperties": [],
									"typeProperties": {
										"dataset": {
											"referenceName": "DS_edmsbxsea_ablb_lr_Input",
											"type": "DatasetReference",
											"parameters": {
												"fileName": {
													"value": "@pipeline().parameters.filename",
													"type": "Expression"
												},
												"source": {
													"value": "@split(pipeline().parameters.filepath, '/')[1]",
													"type": "Expression"
												},
												"countryCode": {
													"value": "@split(pipeline().parameters.filepath, '/')[2]",
													"type": "Expression"
												}
											}
										},
										"enableLogging": false,
										"storeSettings": {
											"type": "AzureBlobStorageReadSettings",
											"recursive": true,
											"enablePartitionDiscovery": false
										}
									}
								}
							]
						}
					},
					{
						"name": "Source File Log Procedure",
						"type": "SqlServerStoredProcedure",
						"dependsOn": [
							{
								"activity": "Conditional Validation",
								"dependencyConditions": [
									"Succeeded"
								]
							}
						],
						"policy": {
							"timeout": "7.00:00:00",
							"retry": 0,
							"retryIntervalInSeconds": 30,
							"secureOutput": false,
							"secureInput": false
						},
						"userProperties": [],
						"typeProperties": {
							"storedProcedureName": "[[ETLlog].[SourceFileProcessLogproc]",
							"storedProcedureParameters": {
								"FileName": {
									"value": {
										"value": "@pipeline().parameters.fileName",
										"type": "Expression"
									},
									"type": "String"
								},
								"RecordCount": {
									"value": {
										"value": "@activity('Landing Files Processing').output.runOutput.row_count",
										"type": "Expression"
									},
									"type": "Int64"
								},
								"IsLandingToRawProcessed": {
									"value": {
										"value": "1",
										"type": "Expression"
									},
									"type": "Int64"
								},
								"IsRawtoStandardisedProcessed": {
									"value": {
										"value": "@if(equals(activity('Landing Files Processing').output.runOutput.control_file, 'True'),1,0)",
										"type": "Expression"
									},
									"type": "Int64"
								}
							}
						},
						"linkedServiceName": {
							"referenceName": "LS_edmsbxsea_asql",
							"type": "LinkedServiceReference"
						}
					}
				],
				"parameters": {
					"filename": {
						"type": "string",
						"defaultValue": "ACB_ME_FTADDENDUM1_20200317_D_1.csv"
					},
					"filepath": {
						"type": "string",
						"defaultValue": "data/ACB/ME/"
					}
				},
				"folder": {
					"name": "Batch Ingestion"
				},
				"annotations": []
			},
			"dependsOn": []
		}
	]
}