{
	"$schema": "http://schema.management.azure.com/schemas/2015-01-01/deploymentTemplate.json#",
	"contentVersion": "1.0.0.0",
	"parameters": {
		"factoryName": {
			"type": "string",
			"metadata": "Data Factory name",
			"defaultValue": "edm-sbx-sea-adf"
		},
		"LS_EDMP_Azure_Sql_connectionString": {
			"type": "secureString",
			"metadata": "Secure string for 'connectionString' of 'LS_EDMP_Azure_Sql'"
		},
		"LS_EDMP_Azure_Synapse_connectionString": {
			"type": "secureString",
			"metadata": "Secure string for 'connectionString' of 'LS_EDMP_Azure_Synapse'"
		},
		"LS_EDMP_Azure_Blob_properties_typeProperties_serviceEndpoint": {
			"type": "string",
			"defaultValue": "https://edmsbxsealandsa.blob.core.windows.net"
		},
		"LS_EDMP_Azure_DataLake_properties_typeProperties_url": {
			"type": "string",
			"defaultValue": "https://edmsbxseadlk.dfs.core.windows.net"
		},
		"LS_EDMP_KeyVault_properties_typeProperties_baseUrl": {
			"type": "string",
			"defaultValue": "https://shared-sbx-sea-keyvault.vault.azure.net/"
		},
		"TRG_EDMP_DataRecon_properties_PL_EDMP_Realtime_Data_Recon_parameters_ControlFilePath": {
			"type": "string",
			"defaultValue": "@triggerBody().folderPath"
		},
		"TRG_EDMP_DataRecon_properties_PL_EDMP_Realtime_Data_Recon_parameters_ControlFileName": {
			"type": "string",
			"defaultValue": "@triggerBody().fileName"
		},
		"TRG_EDMP_DataRecon_properties_typeProperties_scope": {
			"type": "string",
			"defaultValue": "/subscriptions/e87cf38c-8f6f-4cb2-a8ec-886a94bc28d5/resourceGroups/edm-sbx-sea-rg/providers/Microsoft.Storage/storageAccounts/edmsbxseadlk"
		},
		"TRG_EDMP_IsdParser_properties_PL_EDMP_Realtime_Isd_Parser_parameters_IsdFilePath": {
			"type": "string",
			"defaultValue": "@triggerBody().folderPath"
		},
		"TRG_EDMP_IsdParser_properties_PL_EDMP_Realtime_Isd_Parser_parameters_IsdFileName": {
			"type": "string",
			"defaultValue": "@triggerBody().fileName"
		},
		"TRG_EDMP_IsdParser_properties_typeProperties_scope": {
			"type": "string",
			"defaultValue": "/subscriptions/e87cf38c-8f6f-4cb2-a8ec-886a94bc28d5/resourceGroups/edm-sbx-sea-rg/providers/Microsoft.Storage/storageAccounts/edmsbxseadlk"
		},
		"TRG_EDMP_Landing_Raw_properties_PL_EDMP_BatchIngestion_LandingtoRaw_parameters_filename": {
			"type": "string",
			"defaultValue": "@triggerBody().fileName"
		},
		"TRG_EDMP_Landing_Raw_properties_PL_EDMP_BatchIngestion_LandingtoRaw_parameters_filepath": {
			"type": "string",
			"defaultValue": "@triggerBody().folderPath"
		},
		"TRG_EDMP_Landing_Raw_properties_PL_EDMP_BatchIngestion_LandingtoRaw_parameters_ConfigFileName": {
			"type": "string",
			"defaultValue": "scb_env_config.json"
		},
		"TRG_EDMP_Landing_Raw_properties_PL_EDMP_BatchIngestion_LandingtoRaw_parameters_ConfigFileSystem": {
			"type": "string",
			"defaultValue": "raw"
		},
		"TRG_EDMP_Landing_Raw_properties_PL_EDMP_BatchIngestion_LandingtoRaw_parameters_FrequencyDurationUnit": {
			"type": "string",
			"defaultValue": "Day"
		},
		"TRG_EDMP_Landing_Raw_properties_typeProperties_scope": {
			"type": "string",
			"defaultValue": "/subscriptions/e87cf38c-8f6f-4cb2-a8ec-886a94bc28d5/resourceGroups/edm-sbx-sea-rg/providers/Microsoft.Storage/storageAccounts/edmsbxsealandsa"
		},
		"TRG_EDMP_Process_Landing_Files_properties_PL_EDMP_BatchIngestion_ProcessLandingFiles_parameters_FilePath": {
			"type": "string",
			"defaultValue": "@triggerBody().folderPath"
		},
		"TRG_EDMP_Process_Landing_Files_properties_PL_EDMP_BatchIngestion_ProcessLandingFiles_parameters_FileName": {
			"type": "string",
			"defaultValue": "@triggerBody().fileName"
		},
		"TRG_EDMP_Process_Landing_Files_properties_typeProperties_scope": {
			"type": "string",
			"defaultValue": "/subscriptions/e87cf38c-8f6f-4cb2-a8ec-886a94bc28d5/resourceGroups/edm-sbx-sea-rg/providers/Microsoft.Storage/storageAccounts/edmsbxsealandsa"
		},
		"TRG_EDMP_Raw_Standardized_properties_PL_EDMP_BatchIngestion_RawToStandardized_parameters_FrequencyDurationUnit": {
			"type": "string",
			"defaultValue": "Day"
		},
		"TRG_EDMP_Raw_Standardized_properties_PL_EDMP_BatchIngestion_RawToStandardized_parameters_ConfigFileSystem": {
			"type": "string",
			"defaultValue": "raw"
		},
		"TRG_EDMP_Raw_Standardized_properties_PL_EDMP_BatchIngestion_RawToStandardized_parameters_ConfigFileName": {
			"type": "string",
			"defaultValue": "scb_env_config.json"
		},
		"TRG_EDMP_SchemaParseRegister_properties_PL_EDMP_Realtime_Schema_Parser_parameters_SchemaFilePath": {
			"type": "string",
			"defaultValue": "@triggerBody().folderPath"
		},
		"TRG_EDMP_SchemaParseRegister_properties_PL_EDMP_Realtime_Schema_Parser_parameters_SchemaFileName": {
			"type": "string",
			"defaultValue": "@triggerBody().fileName"
		},
		"TRG_EDMP_SchemaParseRegister_properties_typeProperties_scope": {
			"type": "string",
			"defaultValue": "/subscriptions/e87cf38c-8f6f-4cb2-a8ec-886a94bc28d5/resourceGroups/edm-sbx-sea-rg/providers/Microsoft.Storage/storageAccounts/edmsbxseadlk"
		},
		"TRG_EDMP_Raw_Standardized_CDC_properties_PL_EDMP_BatchIngestion_RawToStandardized_CDC_parameters_FrequencyDurationUnit": {
			"type": "string",
			"defaultValue": "Day"
		},
		"TRG_EDMP_Raw_Standardized_CDC_properties_PL_EDMP_BatchIngestion_RawToStandardized_CDC_parameters_ConfigFileSystem": {
			"type": "string",
			"defaultValue": "raw"
		},
		"TRG_EDMP_Raw_Standardized_CDC_properties_PL_EDMP_BatchIngestion_RawToStandardized_CDC_parameters_ConfigFileName": {
			"type": "string",
			"defaultValue": "sc_env_config.json"
		},
		"containerUri": {
			"type": "string",
			"metadata": "URI to storage account containing linked ARM templates"
		},
		"containerSasToken": {
			"type": "string",
			"metadata": "Sas token to storage account containing linked ARM templates"
		}
	},
	"variables": {
		"factoryId": "[concat('Microsoft.DataFactory/factories/', parameters('factoryName'))]"
	},
	"resources": [
		{
			"name": "edm-sbx-sea-adf_ArmTemplate_0",
			"type": "Microsoft.Resources/deployments",
			"apiVersion": "2018-02-01",
			"properties": {
				"mode": "incremental",
				"templateLink": {
					"uri": "[concat(parameters('containerUri'), '/ArmTemplate_0.json', parameters('containerSasToken'))]",
					"contentVersion": "1.0.0.0"
				},
				"parameters": {
					"factoryName": {
						"value": "[parameters('factoryName')]"
					},
					"LS_EDMP_Azure_Synapse_connectionString": {
						"value": "[parameters('LS_EDMP_Azure_Synapse_connectionString')]"
					},
					"LS_EDMP_Azure_Sql_connectionString": {
						"value": "[parameters('LS_EDMP_Azure_Sql_connectionString')]"
					},
					"LS_EDMP_Azure_Blob_properties_typeProperties_serviceEndpoint": {
						"value": "[parameters('LS_EDMP_Azure_Blob_properties_typeProperties_serviceEndpoint')]"
					},
					"LS_EDMP_Azure_DataLake_properties_typeProperties_url": {
						"value": "[parameters('LS_EDMP_Azure_DataLake_properties_typeProperties_url')]"
					},
					"LS_EDMP_KeyVault_properties_typeProperties_baseUrl": {
						"value": "[parameters('LS_EDMP_KeyVault_properties_typeProperties_baseUrl')]"
					}
				}
			},
			"dependsOn": []
		},
		{
			"name": "edm-sbx-sea-adf_ArmTemplate_1",
			"type": "Microsoft.Resources/deployments",
			"apiVersion": "2018-02-01",
			"properties": {
				"mode": "incremental",
				"templateLink": {
					"uri": "[concat(parameters('containerUri'), '/ArmTemplate_1.json', parameters('containerSasToken'))]",
					"contentVersion": "1.0.0.0"
				},
				"parameters": {
					"factoryName": {
						"value": "[parameters('factoryName')]"
					},
					"TRG_EDMP_DataRecon_properties_PL_EDMP_Realtime_Data_Recon_parameters_ControlFilePath": {
						"value": "[parameters('TRG_EDMP_DataRecon_properties_PL_EDMP_Realtime_Data_Recon_parameters_ControlFilePath')]"
					},
					"TRG_EDMP_DataRecon_properties_PL_EDMP_Realtime_Data_Recon_parameters_ControlFileName": {
						"value": "[parameters('TRG_EDMP_DataRecon_properties_PL_EDMP_Realtime_Data_Recon_parameters_ControlFileName')]"
					},
					"TRG_EDMP_DataRecon_properties_typeProperties_scope": {
						"value": "[parameters('TRG_EDMP_DataRecon_properties_typeProperties_scope')]"
					},
					"TRG_EDMP_IsdParser_properties_PL_EDMP_Realtime_Isd_Parser_parameters_IsdFilePath": {
						"value": "[parameters('TRG_EDMP_IsdParser_properties_PL_EDMP_Realtime_Isd_Parser_parameters_IsdFilePath')]"
					},
					"TRG_EDMP_IsdParser_properties_PL_EDMP_Realtime_Isd_Parser_parameters_IsdFileName": {
						"value": "[parameters('TRG_EDMP_IsdParser_properties_PL_EDMP_Realtime_Isd_Parser_parameters_IsdFileName')]"
					},
					"TRG_EDMP_IsdParser_properties_typeProperties_scope": {
						"value": "[parameters('TRG_EDMP_IsdParser_properties_typeProperties_scope')]"
					},
					"TRG_EDMP_Landing_Raw_properties_PL_EDMP_BatchIngestion_LandingtoRaw_parameters_filename": {
						"value": "[parameters('TRG_EDMP_Landing_Raw_properties_PL_EDMP_BatchIngestion_LandingtoRaw_parameters_filename')]"
					},
					"TRG_EDMP_Landing_Raw_properties_PL_EDMP_BatchIngestion_LandingtoRaw_parameters_filepath": {
						"value": "[parameters('TRG_EDMP_Landing_Raw_properties_PL_EDMP_BatchIngestion_LandingtoRaw_parameters_filepath')]"
					},
					"TRG_EDMP_Landing_Raw_properties_PL_EDMP_BatchIngestion_LandingtoRaw_parameters_ConfigFileName": {
						"value": "[parameters('TRG_EDMP_Landing_Raw_properties_PL_EDMP_BatchIngestion_LandingtoRaw_parameters_ConfigFileName')]"
					},
					"TRG_EDMP_Landing_Raw_properties_PL_EDMP_BatchIngestion_LandingtoRaw_parameters_ConfigFileSystem": {
						"value": "[parameters('TRG_EDMP_Landing_Raw_properties_PL_EDMP_BatchIngestion_LandingtoRaw_parameters_ConfigFileSystem')]"
					},
					"TRG_EDMP_Landing_Raw_properties_PL_EDMP_BatchIngestion_LandingtoRaw_parameters_FrequencyDurationUnit": {
						"value": "[parameters('TRG_EDMP_Landing_Raw_properties_PL_EDMP_BatchIngestion_LandingtoRaw_parameters_FrequencyDurationUnit')]"
					},
					"TRG_EDMP_Landing_Raw_properties_typeProperties_scope": {
						"value": "[parameters('TRG_EDMP_Landing_Raw_properties_typeProperties_scope')]"
					},
					"TRG_EDMP_Process_Landing_Files_properties_PL_EDMP_BatchIngestion_ProcessLandingFiles_parameters_FilePath": {
						"value": "[parameters('TRG_EDMP_Process_Landing_Files_properties_PL_EDMP_BatchIngestion_ProcessLandingFiles_parameters_FilePath')]"
					},
					"TRG_EDMP_Process_Landing_Files_properties_PL_EDMP_BatchIngestion_ProcessLandingFiles_parameters_FileName": {
						"value": "[parameters('TRG_EDMP_Process_Landing_Files_properties_PL_EDMP_BatchIngestion_ProcessLandingFiles_parameters_FileName')]"
					},
					"TRG_EDMP_Process_Landing_Files_properties_typeProperties_scope": {
						"value": "[parameters('TRG_EDMP_Process_Landing_Files_properties_typeProperties_scope')]"
					},
					"TRG_EDMP_Raw_Standardized_properties_PL_EDMP_BatchIngestion_RawToStandardized_parameters_FrequencyDurationUnit": {
						"value": "[parameters('TRG_EDMP_Raw_Standardized_properties_PL_EDMP_BatchIngestion_RawToStandardized_parameters_FrequencyDurationUnit')]"
					},
					"TRG_EDMP_Raw_Standardized_properties_PL_EDMP_BatchIngestion_RawToStandardized_parameters_ConfigFileSystem": {
						"value": "[parameters('TRG_EDMP_Raw_Standardized_properties_PL_EDMP_BatchIngestion_RawToStandardized_parameters_ConfigFileSystem')]"
					},
					"TRG_EDMP_Raw_Standardized_properties_PL_EDMP_BatchIngestion_RawToStandardized_parameters_ConfigFileName": {
						"value": "[parameters('TRG_EDMP_Raw_Standardized_properties_PL_EDMP_BatchIngestion_RawToStandardized_parameters_ConfigFileName')]"
					},
					"TRG_EDMP_SchemaParseRegister_properties_PL_EDMP_Realtime_Schema_Parser_parameters_SchemaFilePath": {
						"value": "[parameters('TRG_EDMP_SchemaParseRegister_properties_PL_EDMP_Realtime_Schema_Parser_parameters_SchemaFilePath')]"
					},
					"TRG_EDMP_SchemaParseRegister_properties_PL_EDMP_Realtime_Schema_Parser_parameters_SchemaFileName": {
						"value": "[parameters('TRG_EDMP_SchemaParseRegister_properties_PL_EDMP_Realtime_Schema_Parser_parameters_SchemaFileName')]"
					},
					"TRG_EDMP_SchemaParseRegister_properties_typeProperties_scope": {
						"value": "[parameters('TRG_EDMP_SchemaParseRegister_properties_typeProperties_scope')]"
					},
					"TRG_EDMP_Raw_Standardized_CDC_properties_PL_EDMP_BatchIngestion_RawToStandardized_CDC_parameters_FrequencyDurationUnit": {
						"value": "[parameters('TRG_EDMP_Raw_Standardized_CDC_properties_PL_EDMP_BatchIngestion_RawToStandardized_CDC_parameters_FrequencyDurationUnit')]"
					},
					"TRG_EDMP_Raw_Standardized_CDC_properties_PL_EDMP_BatchIngestion_RawToStandardized_CDC_parameters_ConfigFileSystem": {
						"value": "[parameters('TRG_EDMP_Raw_Standardized_CDC_properties_PL_EDMP_BatchIngestion_RawToStandardized_CDC_parameters_ConfigFileSystem')]"
					},
					"TRG_EDMP_Raw_Standardized_CDC_properties_PL_EDMP_BatchIngestion_RawToStandardized_CDC_parameters_ConfigFileName": {
						"value": "[parameters('TRG_EDMP_Raw_Standardized_CDC_properties_PL_EDMP_BatchIngestion_RawToStandardized_CDC_parameters_ConfigFileName')]"
					}
				}
			},
			"dependsOn": [
				"[resourceId('Microsoft.Resources/deployments', 'edm-sbx-sea-adf_ArmTemplate_0')]"
			]
		}
	]
}