{
	"$schema": "http://schema.management.azure.com/schemas/2015-01-01/deploymentTemplate.json#",
	"contentVersion": "1.0.0.0",
	"parameters": {
		"factoryName": {
			"type": "string",
			"metadata": "Data Factory name",
			"defaultValue": "edm-sbx-sea-adf"
		},
		"LS_EDMP_Azure_Synapse_connectionString": {
			"type": "secureString",
			"metadata": "Secure string for 'connectionString' of 'LS_EDMP_Azure_Synapse'"
		},
		"LS_EDMP_Azure_Sql_connectionString": {
			"type": "secureString",
			"metadata": "Secure string for 'connectionString' of 'LS_EDMP_Azure_Sql'"
		},
		"LS_EDMP_Azure_Blob_properties_typeProperties_serviceEndpoint": {
			"type": "string",
			"defaultValue": "https://edmsbxsealandsa.blob.core.windows.net"
		},
		"LS_EDMP_Azure_DataLake_properties_typeProperties_url": {
			"type": "string",
			"defaultValue": "https://edmsbxseadlk.dfs.core.windows.net"
		},
		"LS_EDMP_KeyVault_properties_typeProperties_baseUrl": {
			"type": "string",
			"defaultValue": "https://shared-sbx-sea-keyvault.vault.azure.net/"
		}
	},
	"variables": {
		"factoryId": "[concat('Microsoft.DataFactory/factories/', parameters('factoryName'))]"
	},
	"resources": [
		{
			"name": "[concat(parameters('factoryName'), '/Get User Name_Test')]",
			"type": "Microsoft.DataFactory/factories/pipelines",
			"apiVersion": "2018-06-01",
			"properties": {
				"activities": [
					{
						"name": "Get Token",
						"type": "WebActivity",
						"dependsOn": [],
						"policy": {
							"timeout": "7.00:00:00",
							"retry": 0,
							"retryIntervalInSeconds": 30,
							"secureOutput": false,
							"secureInput": false
						},
						"userProperties": [],
						"typeProperties": {
							"url": "https://login.microsoftonline.com/502f8483-2aef-4fcc-b127-93bc1263aac0/oauth2/v2.0/token",
							"method": "POST",
							"headers": {
								"Content-Type": "application/x-www-form-urlencoded"
							},
							"body": "tenant=502f8483-2aef-4fcc-b127-93bc1263aac0&client_id=11209e50-9b0c-4792-b91a-40abce862e39&client_secret=_o_kU5-MEMVC~Q~AO9dH4Wr2E5-ujcjC6d&grant_type=client_credentials&scope=https://graph.microsoft.com/.default"
						}
					},
					{
						"name": "Get User",
						"type": "WebActivity",
						"dependsOn": [
							{
								"activity": "Get Token",
								"dependencyConditions": [
									"Succeeded"
								]
							}
						],
						"policy": {
							"timeout": "7.00:00:00",
							"retry": 0,
							"retryIntervalInSeconds": 30,
							"secureOutput": false,
							"secureInput": false
						},
						"userProperties": [],
						"typeProperties": {
							"url": "https://graph.microsoft.com/v1.0/users",
							"method": "GET",
							"headers": {
								"Authorization": {
									"value": "@concat('Bearer ', activity('Get Token').output.access_token)",
									"type": "Expression"
								}
							}
						}
					},
					{
						"name": "Get User Groups",
						"type": "WebActivity",
						"dependsOn": [
							{
								"activity": "Get User",
								"dependencyConditions": [
									"Succeeded"
								]
							}
						],
						"policy": {
							"timeout": "7.00:00:00",
							"retry": 0,
							"retryIntervalInSeconds": 30,
							"secureOutput": false,
							"secureInput": false
						},
						"userProperties": [],
						"typeProperties": {
							"url": "https://graph.microsoft.com/v1.0/users/c18afd33-4d32-42e7-afad-7c166ffcafac/getMemberGroups",
							"method": "POST",
							"headers": {
								"Authorization": {
									"value": "@concat('Bearer ', activity('Get Token').output.access_token)",
									"type": "Expression"
								},
								"Content-Type": "application/json"
							},
							"body": "{securityEnabledOnly:true}"
						}
					},
					{
						"name": "Get Group Name",
						"type": "WebActivity",
						"dependsOn": [
							{
								"activity": "Get User Groups",
								"dependencyConditions": [
									"Succeeded"
								]
							}
						],
						"policy": {
							"timeout": "7.00:00:00",
							"retry": 0,
							"retryIntervalInSeconds": 30,
							"secureOutput": false,
							"secureInput": false
						},
						"userProperties": [],
						"typeProperties": {
							"url": "https://graph.microsoft.com/v1.0/groups/37418bd3-cd39-4df6-ba4d-9353840ec379",
							"method": "GET",
							"headers": {
								"Authorization": {
									"value": "@concat('Bearer ', activity('Get Token').output.access_token)",
									"type": "Expression"
								}
							}
						}
					}
				],
				"policy": {
					"elapsedTimeMetric": {},
					"cancelAfter": {}
				},
				"annotations": []
			},
			"dependsOn": []
		},
		{
			"name": "[concat(parameters('factoryName'), '/LS_EDMP_Adbk_BatchIngestion_ExistingInstancePool')]",
			"type": "Microsoft.DataFactory/factories/linkedServices",
			"apiVersion": "2018-06-01",
			"properties": {
				"description": "Linked Service for the Instance pools",
				"parameters": {
					"InstancePoolId": {
						"type": "string",
						"defaultValue": "0609-025219-chef542-pool-8hQtBpXB"
					},
					"ClusterVersion": {
						"type": "string",
						"defaultValue": "7.3.x-scala2.12"
					},
					"WorkerOptions": {
						"type": "string",
						"defaultValue": "1:3"
					},
					"ProjectCode": {
						"type": "string",
						"defaultValue": "POCProject001"
					},
					"SpnPassword": {
						"type": "string"
					}
				},
				"annotations": [],
				"type": "AzureDatabricks",
				"typeProperties": {
					"domain": "https://adb-8045677374177174.14.azuredatabricks.net",
					"authentication": "MSI",
					"workspaceResourceId": "/subscriptions/e87cf38c-8f6f-4cb2-a8ec-886a94bc28d5/resourceGroups/edm-sbx-sea-rg/providers/Microsoft.Databricks/workspaces/edm-sbx-sea-adbk",
					"instancePoolId": "@linkedService().InstancePoolId",
					"newClusterNumOfWorker": "@linkedService().WorkerOptions",
					"newClusterSparkConf": {
						"spark.executor.extraJavaOptions": "-Djpeplite=/opt/protegrity/jpeplite/lib/jpeplite.plm",
						"spark.driver.extraJavaOptions": "-Djpeplite=/opt/protegrity/jpeplite/lib/jpeplite.plm"
					},
					"newClusterSparkEnvVars": {
						"SPN_PASSWORD": {
							"value": "@linkedService().SpnPassword",
							"type": "Expression"
						},
						"PYSPARK_PYTHON": "/databricks/python3/bin/python3"
					},
					"newClusterCustomTags": {
						"ProjectCode": {
							"value": "@linkedService().ProjectCode",
							"type": "Expression"
						}
					},
					"newClusterVersion": "@linkedService().ClusterVersion",
					"newClusterInitScripts": [
						"dbfs:/BDP_Init_Script_7.2.0.17-RC_pty.sh"
					]
				}
			},
			"dependsOn": []
		},
		{
			"name": "[concat(parameters('factoryName'), '/LS_EDMP_Adbk_BatchIngestion_NewJobCluster')]",
			"type": "Microsoft.DataFactory/factories/linkedServices",
			"apiVersion": "2018-06-01",
			"properties": {
				"description": "Linked Service for new job cluster.",
				"parameters": {
					"ClusterVersion": {
						"type": "string",
						"defaultValue": "7.3.x-scala2.12"
					},
					"ClusterNodeType": {
						"type": "string",
						"defaultValue": "Standard_DS3_v2"
					},
					"ClusterDriverNodeType": {
						"type": "string",
						"defaultValue": "Standard_DS3_v2"
					},
					"WorkerOptions": {
						"type": "string",
						"defaultValue": "1:3"
					},
					"ProjectCode": {
						"type": "string",
						"defaultValue": "POCProject001"
					},
					"SpnPassword": {
						"type": "string"
					}
				},
				"annotations": [],
				"type": "AzureDatabricks",
				"typeProperties": {
					"domain": "https://adb-8045677374177174.14.azuredatabricks.net",
					"authentication": "MSI",
					"workspaceResourceId": "/subscriptions/e87cf38c-8f6f-4cb2-a8ec-886a94bc28d5/resourceGroups/edm-sbx-sea-rg/providers/Microsoft.Databricks/workspaces/edm-sbx-sea-adbk",
					"newClusterNodeType": "@linkedService().ClusterNodeType",
					"newClusterNumOfWorker": "@linkedService().WorkerOptions",
					"newClusterSparkEnvVars": {
						"SPN_PASSWORD": {
							"value": "@linkedService().SpnPassword",
							"type": "Expression"
						},
						"PYSPARK_PYTHON": "/databricks/python3/bin/python3"
					},
					"newClusterCustomTags": {
						"ProjectCode": {
							"value": "@linkedService().ProjectCode",
							"type": "Expression"
						}
					},
					"newClusterVersion": "@linkedService().ClusterVersion",
					"newClusterInitScripts": [],
					"newClusterDriverNodeType": "@linkedService().ClusterDriverNodeType"
				}
			},
			"dependsOn": []
		},
		{
			"name": "[concat(parameters('factoryName'), '/LS_EDMP_Adbk_RealTimeIngestion')]",
			"type": "Microsoft.DataFactory/factories/linkedServices",
			"apiVersion": "2018-06-01",
			"properties": {
				"annotations": [],
				"type": "AzureDatabricks",
				"typeProperties": {
					"domain": "https://adb-8045677374177174.14.azuredatabricks.net",
					"authentication": "MSI",
					"workspaceResourceId": "/subscriptions/e87cf38c-8f6f-4cb2-a8ec-886a94bc28d5/resourceGroups/edm-sbx-sea-rg/providers/Microsoft.Databricks/workspaces/edm-sbx-sea-adbk",
					"existingClusterId": "0622-085602-lean581"
				}
			},
			"dependsOn": []
		},
		{
			"name": "[concat(parameters('factoryName'), '/LS_EDMP_Azure_Blob')]",
			"type": "Microsoft.DataFactory/factories/linkedServices",
			"apiVersion": "2018-06-01",
			"properties": {
				"description": "This Linked Service is used to connect to Azure Blob Storage Account",
				"annotations": [],
				"type": "AzureBlobStorage",
				"typeProperties": {
					"serviceEndpoint": "[parameters('LS_EDMP_Azure_Blob_properties_typeProperties_serviceEndpoint')]",
					"accountKind": "StorageV2"
				}
			},
			"dependsOn": []
		},
		{
			"name": "[concat(parameters('factoryName'), '/LS_EDMP_Azure_DataLake')]",
			"type": "Microsoft.DataFactory/factories/linkedServices",
			"apiVersion": "2018-06-01",
			"properties": {
				"description": "This Linked Servicer is used to connect to ADLS Gen 2 Account",
				"annotations": [],
				"type": "AzureBlobFS",
				"typeProperties": {
					"url": "[parameters('LS_EDMP_Azure_DataLake_properties_typeProperties_url')]"
				}
			},
			"dependsOn": []
		},
		{
			"name": "[concat(parameters('factoryName'), '/LS_EDMP_Azure_Databricks_DisasterRecovery')]",
			"type": "Microsoft.DataFactory/factories/linkedServices",
			"apiVersion": "2018-06-01",
			"properties": {
				"description": "This Linked Service is used to connect to Fail over region Databricks workspace to Sync the Delta Tables and Synapse External Tables",
				"parameters": {
					"SPNPassword": {
						"type": "string"
					}
				},
				"annotations": [],
				"type": "AzureDatabricks",
				"typeProperties": {
					"domain": "https://adb-8045677374177174.14.azuredatabricks.net",
					"authentication": "MSI",
					"workspaceResourceId": "/subscriptions/e87cf38c-8f6f-4cb2-a8ec-886a94bc28d5/resourceGroups/edm-sbx-sea-rg/providers/Microsoft.Databricks/workspaces/edm-sbx-sea-adbk",
					"newClusterNodeType": "Standard_DS3_v2",
					"newClusterNumOfWorker": "2:4",
					"newClusterSparkEnvVars": {
						"SPN_PASSWORD": {
							"value": "@linkedService().SPNPassword",
							"type": "Expression"
						},
						"PYSPARK_PYTHON": "/databricks/python3/bin/python3"
					},
					"newClusterVersion": "7.3.x-scala2.12",
					"newClusterInitScripts": []
				}
			},
			"dependsOn": []
		},
		{
			"name": "[concat(parameters('factoryName'), '/LS_EDMP_Azure_Synapse')]",
			"type": "Microsoft.DataFactory/factories/linkedServices",
			"apiVersion": "2018-06-01",
			"properties": {
				"description": "This Linked service is used to connect to the Azure Synapse Serverless pool",
				"annotations": [],
				"type": "AzureSqlDW",
				"typeProperties": {
					"connectionString": "[parameters('LS_EDMP_Azure_Synapse_connectionString')]"
				}
			},
			"dependsOn": []
		},
		{
			"name": "[concat(parameters('factoryName'), '/LS_EDMP_KeyVault')]",
			"type": "Microsoft.DataFactory/factories/linkedServices",
			"apiVersion": "2018-06-01",
			"properties": {
				"annotations": [],
				"type": "AzureKeyVault",
				"typeProperties": {
					"baseUrl": "[parameters('LS_EDMP_KeyVault_properties_typeProperties_baseUrl')]"
				}
			},
			"dependsOn": []
		},
		{
			"name": "[concat(parameters('factoryName'), '/DS_EDMP_Adls_EnvConfig')]",
			"type": "Microsoft.DataFactory/factories/datasets",
			"apiVersion": "2018-06-01",
			"properties": {
				"linkedServiceName": {
					"referenceName": "LS_EDMP_Azure_DataLake",
					"type": "LinkedServiceReference"
				},
				"parameters": {
					"FileSystem": {
						"type": "string"
					},
					"ConfigFileName": {
						"type": "string"
					}
				},
				"annotations": [],
				"type": "Json",
				"typeProperties": {
					"location": {
						"type": "AzureBlobFSLocation",
						"fileName": {
							"value": "@dataset().ConfigFileName",
							"type": "Expression"
						},
						"fileSystem": {
							"value": "@dataset().FileSystem",
							"type": "Expression"
						}
					}
				},
				"schema": {}
			},
			"dependsOn": [
				"[concat(variables('factoryId'), '/linkedServices/LS_EDMP_Azure_DataLake')]"
			]
		},
		{
			"name": "[concat(parameters('factoryName'), '/DS_EDMP_Blob_Intermediate')]",
			"type": "Microsoft.DataFactory/factories/datasets",
			"apiVersion": "2018-06-01",
			"properties": {
				"linkedServiceName": {
					"referenceName": "LS_EDMP_Azure_Blob",
					"type": "LinkedServiceReference"
				},
				"parameters": {
					"FolderName": {
						"type": "string"
					},
					"FileName": {
						"type": "string"
					}
				},
				"annotations": [],
				"type": "DelimitedText",
				"typeProperties": {
					"location": {
						"type": "AzureBlobStorageLocation",
						"fileName": {
							"value": "@dataset().FileName",
							"type": "Expression"
						},
						"folderPath": {
							"value": "@dataset().FolderName",
							"type": "Expression"
						},
						"container": "intermediate"
					},
					"columnDelimiter": ",",
					"escapeChar": "\\",
					"firstRowAsHeader": true,
					"quoteChar": "\""
				},
				"schema": []
			},
			"dependsOn": [
				"[concat(variables('factoryId'), '/linkedServices/LS_EDMP_Azure_Blob')]"
			]
		},
		{
			"name": "[concat(parameters('factoryName'), '/DS_EDMP_Synapse_Dynamic')]",
			"type": "Microsoft.DataFactory/factories/datasets",
			"apiVersion": "2018-06-01",
			"properties": {
				"linkedServiceName": {
					"referenceName": "LS_EDMP_Azure_Synapse",
					"type": "LinkedServiceReference"
				},
				"annotations": [],
				"type": "AzureSqlDWTable",
				"schema": [],
				"typeProperties": {}
			},
			"dependsOn": [
				"[concat(variables('factoryId'), '/linkedServices/LS_EDMP_Azure_Synapse')]"
			]
		},
		{
			"name": "[concat(parameters('factoryName'), '/LS_EDMP_Azure_Sql')]",
			"type": "Microsoft.DataFactory/factories/linkedServices",
			"apiVersion": "2018-06-01",
			"properties": {
				"description": "This Linked Service is used to connect to Azure SQL metastore.",
				"annotations": [],
				"type": "AzureSqlDatabase",
				"typeProperties": {
					"connectionString": "[parameters('LS_EDMP_Azure_Sql_connectionString')]",
					"password": {
						"type": "AzureKeyVaultSecret",
						"store": {
							"referenceName": "LS_EDMP_KeyVault",
							"type": "LinkedServiceReference"
						},
						"secretName": "MetaDBPassword"
					}
				}
			},
			"dependsOn": [
				"[concat(variables('factoryId'), '/linkedServices/LS_EDMP_KeyVault')]"
			]
		},
		{
			"name": "[concat(parameters('factoryName'), '/PL_EDMP_Synapse_Post_Deployment')]",
			"type": "Microsoft.DataFactory/factories/pipelines",
			"apiVersion": "2018-06-01",
			"properties": {
				"activities": [
					{
						"name": "Database Scoped Credentials",
						"type": "Lookup",
						"dependsOn": [],
						"policy": {
							"timeout": "7.00:00:00",
							"retry": 0,
							"retryIntervalInSeconds": 30,
							"secureOutput": false,
							"secureInput": false
						},
						"userProperties": [],
						"typeProperties": {
							"source": {
								"type": "SqlDWSource",
								"sqlReaderQuery": "DECLARE @Count INT\nSELECT @Count = COUNT(1) FROM sys.database_scoped_credentials WHERE name = 'WorkspaceIdentity'\nIF @Count <> 0\nBEGIN\nDROP EXTERNAL DATA SOURCE ExternalDataSourceTransformed\nDROP DATABASE SCOPED CREDENTIAL WorkspaceIdentity\nEND\nCREATE DATABASE SCOPED CREDENTIAL WorkspaceIdentity WITH IDENTITY = 'MANAGED IDENTITY'\nSELECT 1 AS 'Result'",
								"queryTimeout": "02:00:00",
								"partitionOption": "None"
							},
							"dataset": {
								"referenceName": "DS_EDMP_Synapse_Dynamic",
								"type": "DatasetReference",
								"parameters": {}
							},
							"firstRowOnly": false
						}
					},
					{
						"name": "Create Delta File Lake Format",
						"type": "Lookup",
						"dependsOn": [
							{
								"activity": "Database Scoped Credentials",
								"dependencyConditions": [
									"Succeeded"
								]
							}
						],
						"policy": {
							"timeout": "7.00:00:00",
							"retry": 0,
							"retryIntervalInSeconds": 30,
							"secureOutput": false,
							"secureInput": false
						},
						"userProperties": [],
						"typeProperties": {
							"source": {
								"type": "SqlDWSource",
								"sqlReaderQuery": "DECLARE @Count INT\nSELECT @Count = COUNT(1) FROM sys.external_file_formats WHERE name = 'DeltaLakeFormat'\nIF @Count <> 0\nBEGIN\nDROP EXTERNAL FILE FORMAT DeltaLakeFormat\nEND\nCREATE EXTERNAL FILE FORMAT DeltaLakeFormat WITH (FORMAT_TYPE = DELTA)\nSELECT 1 AS 'Result'",
								"queryTimeout": "02:00:00",
								"partitionOption": "None"
							},
							"dataset": {
								"referenceName": "DS_EDMP_Synapse_Dynamic",
								"type": "DatasetReference",
								"parameters": {}
							},
							"firstRowOnly": false
						}
					},
					{
						"name": "Create External Data Source Transformed",
						"type": "Lookup",
						"dependsOn": [
							{
								"activity": "Create Delta File Lake Format",
								"dependencyConditions": [
									"Succeeded"
								]
							}
						],
						"policy": {
							"timeout": "7.00:00:00",
							"retry": 0,
							"retryIntervalInSeconds": 30,
							"secureOutput": false,
							"secureInput": false
						},
						"userProperties": [],
						"typeProperties": {
							"source": {
								"type": "SqlDWSource",
								"sqlReaderQuery": {
									"value": "@concat('DECLARE @Count INT\nSELECT @Count = COUNT(1) FROM sys.external_data_sources WHERE name = ''ExternalDataSourceTransformed''\nIF @Count <> 0\nBEGIN\nDROP EXTERNAL DATA SOURCE ExternalDataSourceTransformed\nEND\n\nCREATE EXTERNAL DATA SOURCE ExternalDataSourceTransformed\nWITH (\nLOCATION =','''','abfss://transformed@',pipeline().parameters.AccountName,'.dfs.core.windows.net/data/','''', '  ,CREDENTIAL = [WorkspaceIdentity]\n)', ' SELECT 1')",
									"type": "Expression"
								},
								"queryTimeout": "02:00:00",
								"partitionOption": "None"
							},
							"dataset": {
								"referenceName": "DS_EDMP_Synapse_Dynamic",
								"type": "DatasetReference",
								"parameters": {}
							},
							"firstRowOnly": true
						}
					}
				],
				"policy": {
					"elapsedTimeMetric": {},
					"cancelAfter": {}
				},
				"parameters": {
					"AccountName": {
						"type": "string"
					}
				},
				"annotations": []
			},
			"dependsOn": [
				"[concat(variables('factoryId'), '/datasets/DS_EDMP_Synapse_Dynamic')]"
			]
		},
		{
			"name": "[concat(parameters('factoryName'), '/PL_EDMP_Sync_ADBK_Synapse_Tables')]",
			"type": "Microsoft.DataFactory/factories/pipelines",
			"apiVersion": "2018-06-01",
			"properties": {
				"activities": [
					{
						"name": "Read Config File",
						"type": "Lookup",
						"dependsOn": [],
						"policy": {
							"timeout": "7.00:00:00",
							"retry": 0,
							"retryIntervalInSeconds": 30,
							"secureOutput": false,
							"secureInput": false
						},
						"userProperties": [],
						"typeProperties": {
							"source": {
								"type": "JsonSource",
								"storeSettings": {
									"type": "AzureBlobFSReadSettings",
									"recursive": true,
									"enablePartitionDiscovery": false
								},
								"formatSettings": {
									"type": "JsonReadSettings"
								}
							},
							"dataset": {
								"referenceName": "DS_EDMP_Adls_EnvConfig",
								"type": "DatasetReference",
								"parameters": {
									"FileSystem": {
										"value": "@pipeline().parameters.ConfigFileSystem",
										"type": "Expression"
									},
									"ConfigFileName": {
										"value": "@pipeline().parameters.ConfigFileName",
										"type": "Expression"
									}
								}
							},
							"firstRowOnly": false
						}
					},
					{
						"name": "Set ADLS Account Name",
						"type": "SetVariable",
						"dependsOn": [
							{
								"activity": "Read Config File",
								"dependencyConditions": [
									"Succeeded"
								]
							}
						],
						"userProperties": [],
						"typeProperties": {
							"variableName": "adls_account_name",
							"value": {
								"value": "@activity('Read Config File').output.value[0]['adls_details']['name']",
								"type": "Expression"
							}
						}
					},
					{
						"name": "Set Keyvault Name",
						"type": "SetVariable",
						"dependsOn": [
							{
								"activity": "Read Config File",
								"dependencyConditions": [
									"Succeeded"
								]
							}
						],
						"userProperties": [],
						"typeProperties": {
							"variableName": "kv_name",
							"value": {
								"value": "@activity('Read Config File').output.value[0]['keyvault']['name']",
								"type": "Expression"
							}
						}
					},
					{
						"name": "Set SPN id",
						"type": "SetVariable",
						"dependsOn": [
							{
								"activity": "Read Config File",
								"dependencyConditions": [
									"Succeeded"
								]
							}
						],
						"userProperties": [],
						"typeProperties": {
							"variableName": "spn_id",
							"value": {
								"value": "@activity('Read Config File').output.value[0]['spn_credentials']['spn_id']",
								"type": "Expression"
							}
						}
					},
					{
						"name": "Set Tenant Id",
						"type": "SetVariable",
						"dependsOn": [
							{
								"activity": "Read Config File",
								"dependencyConditions": [
									"Succeeded"
								]
							}
						],
						"userProperties": [],
						"typeProperties": {
							"variableName": "tenant_id",
							"value": {
								"value": "@activity('Read Config File').output.value[0]['tenant_id']",
								"type": "Expression"
							}
						}
					},
					{
						"name": "Sync Delta and Polybase Tables",
						"type": "DatabricksNotebook",
						"dependsOn": [
							{
								"activity": "Get SPN Secret",
								"dependencyConditions": [
									"Succeeded"
								]
							}
						],
						"policy": {
							"timeout": "7.00:00:00",
							"retry": 0,
							"retryIntervalInSeconds": 30,
							"secureOutput": false,
							"secureInput": false
						},
						"userProperties": [],
						"typeProperties": {
							"notebookPath": "/Shared/FinalNotebooks/disaster_recovery_sync_delta_polybase_tables",
							"baseParameters": {
								"ingestion_type": {
									"value": "@pipeline().parameters.IngestionType",
									"type": "Expression"
								},
								"adls_account_name": {
									"value": "@variables('adls_account_name')",
									"type": "Expression"
								},
								"kv_name": {
									"value": "@variables('kv_name')",
									"type": "Expression"
								},
								"config_path": {
									"value": "@pipeline().parameters.ConfigFileName",
									"type": "Expression"
								},
								"synapse_server_name": {
									"value": "@pipeline().parameters.SynapseServerName",
									"type": "Expression"
								},
								"synapse_db": {
									"value": "@pipeline().parameters.SynapseDb",
									"type": "Expression"
								},
								"spn_id": {
									"value": "@variables('spn_id')",
									"type": "Expression"
								},
								"tenant_id": {
									"value": "@variables('tenant_id')",
									"type": "Expression"
								}
							},
							"libraries": [
								{
									"whl": "dbfs:/edm-_Build.BuildNumber_-py3-none-any.whl"
								},
								{
									"pypi": {
										"package": "azure-identity==1.2.0"
									}
								},
								{
									"pypi": {
										"package": "opencensus-ext-azure==1.0.2"
									}
								},
								{
									"pypi": {
										"package": "azure-keyvault==1.1.0"
									}
								},
								{
									"pypi": {
										"package": "azure-keyvault-secrets==4.0.1"
									}
								},
								{
									"pypi": {
										"package": "pyodbc==4.0.30"
									}
								},
								{
									"pypi": {
										"package": "dotted"
									}
								},
								{
									"pypi": {
										"package": "xmltodict==0.12.0"
									}
								}
							]
						},
						"linkedServiceName": {
							"referenceName": "LS_EDMP_Azure_Databricks_DisasterRecovery",
							"type": "LinkedServiceReference",
							"parameters": {
								"SPNPassword": {
									"value": "@activity('Get SPN Secret').output.value",
									"type": "Expression"
								}
							}
						}
					},
					{
						"name": "Get SPN Secret",
						"type": "WebActivity",
						"dependsOn": [
							{
								"activity": "Set ADLS Account Name",
								"dependencyConditions": [
									"Succeeded"
								]
							},
							{
								"activity": "Set Keyvault Name",
								"dependencyConditions": [
									"Succeeded"
								]
							},
							{
								"activity": "Set SPN id",
								"dependencyConditions": [
									"Succeeded"
								]
							},
							{
								"activity": "Set Tenant Id",
								"dependencyConditions": [
									"Succeeded"
								]
							}
						],
						"policy": {
							"timeout": "7.00:00:00",
							"retry": 0,
							"retryIntervalInSeconds": 30,
							"secureOutput": false,
							"secureInput": false
						},
						"userProperties": [],
						"typeProperties": {
							"url": {
								"value": "@concat(activity('Read Config File').output.value[0]['spn_credentials']['spn_key_url'],'?api-version=7.0')",
								"type": "Expression"
							},
							"method": "GET",
							"headers": {},
							"authentication": {
								"type": "MSI",
								"resource": "https://vault.azure.net"
							}
						}
					}
				],
				"policy": {
					"elapsedTimeMetric": {},
					"cancelAfter": {}
				},
				"parameters": {
					"IngestionType": {
						"type": "string"
					},
					"SynapseServerName": {
						"type": "string"
					},
					"SynapseDb": {
						"type": "string"
					},
					"ConfigFileName": {
						"type": "string",
						"defaultValue": "scb_env_config.json"
					},
					"ConfigFileSystem": {
						"type": "string",
						"defaultValue": "raw"
					}
				},
				"variables": {
					"adls_account_name": {
						"type": "String"
					},
					"kv_name": {
						"type": "String"
					},
					"spn_id": {
						"type": "String"
					},
					"spn_password": {
						"type": "String"
					},
					"tenant_id": {
						"type": "String"
					}
				},
				"folder": {
					"name": "Disaster Recovery"
				},
				"annotations": []
			},
			"dependsOn": [
				"[concat(variables('factoryId'), '/datasets/DS_EDMP_Adls_EnvConfig')]",
				"[concat(variables('factoryId'), '/linkedServices/LS_EDMP_Azure_Databricks_DisasterRecovery')]"
			]
		},
		{
			"name": "[concat(parameters('factoryName'), '/DS_EDMP_AzureSql_Dynamic')]",
			"type": "Microsoft.DataFactory/factories/datasets",
			"apiVersion": "2018-06-01",
			"properties": {
				"linkedServiceName": {
					"referenceName": "LS_EDMP_Azure_Sql",
					"type": "LinkedServiceReference"
				},
				"annotations": [],
				"type": "AzureSqlTable",
				"schema": [
					{
						"name": "Source_row_count",
						"type": "int",
						"precision": 10
					},
					{
						"name": "Destination_row_count",
						"type": "int",
						"precision": 10
					},
					{
						"name": "Filesread",
						"type": "int",
						"precision": 10
					},
					{
						"name": "Fileswritten",
						"type": "int",
						"precision": 10
					}
				],
				"typeProperties": {
					"schema": "ETLlog",
					"table": "FileLog"
				}
			},
			"dependsOn": [
				"[concat(variables('factoryId'), '/linkedServices/LS_EDMP_Azure_Sql')]"
			]
		},
		{
			"name": "[concat(parameters('factoryName'), '/PL_EDMP_ArchiveETLLogs')]",
			"type": "Microsoft.DataFactory/factories/pipelines",
			"apiVersion": "2018-06-01",
			"properties": {
				"description": "This pipeline is used to archive ETLLog tables based on retention period. This pipeline is scheduled to run on 1st day of every month.",
				"activities": [
					{
						"name": "Pipeline Log Stored Procedure",
						"description": "This activity is used to log pipeline level log into ETLLog.PipelineLog table",
						"type": "Lookup",
						"dependsOn": [],
						"policy": {
							"timeout": "7.00:00:00",
							"retry": 0,
							"retryIntervalInSeconds": 30,
							"secureOutput": false,
							"secureInput": false
						},
						"userProperties": [],
						"typeProperties": {
							"source": {
								"type": "AzureSqlSource",
								"sqlReaderStoredProcedureName": "[[ETLlog].[uspInsertPipelineLog]",
								"storedProcedureParameters": {
									"ParentPipelineLogID": {
										"value": null
									},
									"SourceObjectID": {
										"value": null
									},
									"PipelineRunID": {
										"value": {
											"value": "@pipeline().RunId",
											"type": "Expression"
										}
									},
									"LoadType": {
										"value": "Archive ETL Logs"
									},
									"ObjectLoadStartDateTime": {
										"value": {
											"value": "@formatDateTime(utcnow(), 'dd-MMM-yyyy HH:mm:ss')",
											"type": "Expression"
										}
									},
									"FileName": {
										"value": null
									},
									"PipeLineName": {
										"value": {
											"value": "@pipeline().Pipeline",
											"type": "Expression"
										}
									}
								},
								"queryTimeout": "02:00:00",
								"partitionOption": "None"
							},
							"dataset": {
								"referenceName": "DS_EDMP_AzureSql_Dynamic",
								"type": "DatasetReference",
								"parameters": {}
							},
							"firstRowOnly": false
						}
					},
					{
						"name": "Update Pipeline Log",
						"description": "This activity updates pipeline log in ETLLog.PipelineLog table on successful completion of the pipeline",
						"type": "SqlServerStoredProcedure",
						"dependsOn": [
							{
								"activity": "Archive ETL Logs",
								"dependencyConditions": [
									"Succeeded"
								]
							}
						],
						"policy": {
							"timeout": "7.00:00:00",
							"retry": 0,
							"retryIntervalInSeconds": 30,
							"secureOutput": false,
							"secureInput": false
						},
						"userProperties": [],
						"typeProperties": {
							"storedProcedureName": "[[ETLlog].[uspUpdatePipelineLog]",
							"storedProcedureParameters": {
								"PipelineLogID": {
									"value": {
										"value": "@activity('Pipeline Log Stored Procedure').output.value[0].PipelineLogID",
										"type": "Expression"
									},
									"type": "Int64"
								},
								"SourceFileProcessLogID": {
									"value": null,
									"type": "Int64"
								},
								"SourceCount": {
									"value": null,
									"type": "Int64"
								},
								"TargetCount": {
									"value": null,
									"type": "Int64"
								},
								"ErrorCount": {
									"value": null,
									"type": "Int64"
								},
								"IsLandingToRawProcessed": {
									"value": null,
									"type": "Single"
								},
								"IsRawtoStandardisedProcessed": {
									"value": null,
									"type": "Single"
								},
								"PipelineStatus": {
									"value": "Succeeded",
									"type": "String"
								},
								"SourceObjectId": {
									"value": null,
									"type": "Int64"
								},
								"SourceId": {
									"value": null,
									"type": "Int64"
								}
							}
						},
						"linkedServiceName": {
							"referenceName": "LS_EDMP_Azure_Sql",
							"type": "LinkedServiceReference"
						}
					},
					{
						"name": "Archive ETL Logs",
						"description": "This activity calls stored procedure [ETLlog].[uspArchiveETLLogs] which deletes log from all ETLlog tables based on retention period",
						"type": "SqlServerStoredProcedure",
						"dependsOn": [
							{
								"activity": "Pipeline Log Stored Procedure",
								"dependencyConditions": [
									"Succeeded"
								]
							}
						],
						"policy": {
							"timeout": "7.00:00:00",
							"retry": 0,
							"retryIntervalInSeconds": 30,
							"secureOutput": false,
							"secureInput": false
						},
						"userProperties": [],
						"typeProperties": {
							"storedProcedureName": "[[ETLlog].[uspArchiveETLLogs]",
							"storedProcedureParameters": {
								"RetentionPeriod": {
									"value": {
										"value": "@pipeline().parameters.RetentionPeriod",
										"type": "Expression"
									},
									"type": "Int32"
								}
							}
						},
						"linkedServiceName": {
							"referenceName": "LS_EDMP_Azure_Sql",
							"type": "LinkedServiceReference"
						}
					},
					{
						"name": "Update Pipeline Error Log",
						"description": "This activity updates pipeline log in ETLLog.PipelineLog table on failure of the pipeline",
						"type": "SqlServerStoredProcedure",
						"dependsOn": [
							{
								"activity": "Archive ETL Logs",
								"dependencyConditions": [
									"Failed"
								]
							}
						],
						"policy": {
							"timeout": "7.00:00:00",
							"retry": 0,
							"retryIntervalInSeconds": 30,
							"secureOutput": false,
							"secureInput": false
						},
						"userProperties": [],
						"typeProperties": {
							"storedProcedureName": "[[ETLlog].[uspUpdatePipelineLog]",
							"storedProcedureParameters": {
								"Details": {
									"value": "False",
									"type": "Boolean"
								},
								"ErrorCount": {
									"value": null,
									"type": "Int64"
								},
								"IsCDCFile": {
									"value": null,
									"type": "Boolean"
								},
								"IsLandingToRawProcessed": {
									"value": null,
									"type": "Boolean"
								},
								"IsRawtoStandardisedProcessed": {
									"value": null,
									"type": "Boolean"
								},
								"PipelineLogID": {
									"value": {
										"value": "@activity('Pipeline Log Stored Procedure').output.value[0].PipelineLogID",
										"type": "Expression"
									},
									"type": "Int32"
								},
								"PipelineStatus": {
									"value": "Failed",
									"type": "String"
								},
								"RawFileStatus": {
									"value": null,
									"type": "String"
								},
								"RawPath": {
									"value": null,
									"type": "String"
								},
								"SourceCount": {
									"value": null,
									"type": "Int64"
								},
								"SourceFileProcessLogID": {
									"value": null,
									"type": "Int32"
								},
								"SourceFileStatus": {
									"value": null,
									"type": "String"
								},
								"SourceId": {
									"value": null,
									"type": "Int32"
								},
								"SourceObjectId": {
									"value": null,
									"type": "Int32"
								},
								"TargetCount": {
									"value": null,
									"type": "Int64"
								}
							}
						},
						"linkedServiceName": {
							"referenceName": "LS_EDMP_Azure_Sql",
							"type": "LinkedServiceReference"
						}
					}
				],
				"policy": {
					"elapsedTimeMetric": {},
					"cancelAfter": {}
				},
				"parameters": {
					"RetentionPeriod": {
						"type": "int",
						"defaultValue": 60
					}
				},
				"variables": {
					"DatabricksKey": {
						"type": "String"
					}
				},
				"annotations": []
			},
			"dependsOn": [
				"[concat(variables('factoryId'), '/datasets/DS_EDMP_AzureSql_Dynamic')]",
				"[concat(variables('factoryId'), '/linkedServices/LS_EDMP_Azure_Sql')]"
			]
		},
		{
			"name": "[concat(parameters('factoryName'), '/PL_EDMP_BatchIngestion_DeleteJobPool')]",
			"type": "Microsoft.DataFactory/factories/pipelines",
			"apiVersion": "2018-06-01",
			"properties": {
				"description": "This pipeline deletes active job pools from Databricks and updates the status in ETLLog.PoolConfigurationLog table",
				"activities": [
					{
						"name": "ForEachPool",
						"description": "This loop is used to iterate over the list of pools to be deleted, fetched from the lookup activity.",
						"type": "ForEach",
						"dependsOn": [
							{
								"activity": "Set Databricks Key",
								"dependencyConditions": [
									"Succeeded"
								]
							}
						],
						"userProperties": [],
						"typeProperties": {
							"items": {
								"value": "@activity('Get Pools To Be Deleted').output.value",
								"type": "Expression"
							},
							"activities": [
								{
									"name": "Delete Job Pools",
									"description": "This web activity is used to invoke the Databricks delete job pool Web API to delete the job pool instance",
									"type": "WebActivity",
									"dependsOn": [],
									"policy": {
										"timeout": "7.00:00:00",
										"retry": 0,
										"retryIntervalInSeconds": 30,
										"secureOutput": false,
										"secureInput": false
									},
									"userProperties": [],
									"typeProperties": {
										"url": {
											"value": "@pipeline().parameters.DatabricksWorkspaceUrl",
											"type": "Expression"
										},
										"method": "POST",
										"headers": {
											"Authorization": {
												"value": "@variables('DatabricksKey')",
												"type": "Expression"
											}
										},
										"body": {
											"value": "@json(item().ConfigurationBody)",
											"type": "Expression"
										}
									}
								},
								{
									"name": "DeletePoolConfigurationLog",
									"description": "This activity is used to soft delete the job pool from ETLlog.PoolConfigurationLog table based on the instance pool id. ",
									"type": "SqlServerStoredProcedure",
									"dependsOn": [
										{
											"activity": "Delete Job Pools",
											"dependencyConditions": [
												"Succeeded"
											]
										}
									],
									"policy": {
										"timeout": "7.00:00:00",
										"retry": 0,
										"retryIntervalInSeconds": 30,
										"secureOutput": false,
										"secureInput": false
									},
									"userProperties": [],
									"typeProperties": {
										"storedProcedureName": "[[ETLlog].[uspUpdatePoolConfigurationLog]",
										"storedProcedureParameters": {
											"PoolConfigurationID": {
												"value": {
													"value": "@item().PoolConfigurationID",
													"type": "Expression"
												},
												"type": "Int64"
											},
											"InstancePoolId": {
												"value": {
													"value": "@item().InstancePoolId",
													"type": "Expression"
												},
												"type": "String"
											},
											"Mode": {
												"value": "update",
												"type": "String"
											}
										}
									},
									"linkedServiceName": {
										"referenceName": "LS_EDMP_Azure_Sql",
										"type": "LinkedServiceReference"
									}
								}
							]
						}
					},
					{
						"name": "Get Pools To Be Deleted",
						"description": "This activity calls procedure [ETLlog].[uspGetActivePools] to get list of all the active pools which have to be deleted.",
						"type": "Lookup",
						"dependsOn": [
							{
								"activity": "Pipeline Log Stored Procedure",
								"dependencyConditions": [
									"Succeeded"
								]
							}
						],
						"policy": {
							"timeout": "7.00:00:00",
							"retry": 0,
							"retryIntervalInSeconds": 30,
							"secureOutput": false,
							"secureInput": false
						},
						"userProperties": [],
						"typeProperties": {
							"source": {
								"type": "AzureSqlSource",
								"sqlReaderStoredProcedureName": "[[ETLlog].[uspGetActivePools]",
								"queryTimeout": "00:10:00",
								"partitionOption": "None"
							},
							"dataset": {
								"referenceName": "DS_EDMP_AzureSql_Dynamic",
								"type": "DatasetReference",
								"parameters": {}
							},
							"firstRowOnly": false
						}
					},
					{
						"name": "Pipeline Log Stored Procedure",
						"description": "This activity is used to log pipeline level log into ETLLog.PipelineLog table",
						"type": "Lookup",
						"dependsOn": [],
						"policy": {
							"timeout": "7.00:00:00",
							"retry": 0,
							"retryIntervalInSeconds": 30,
							"secureOutput": false,
							"secureInput": false
						},
						"userProperties": [],
						"typeProperties": {
							"source": {
								"type": "AzureSqlSource",
								"sqlReaderStoredProcedureName": "[[ETLlog].[uspInsertPipelineLog]",
								"storedProcedureParameters": {
									"ParentPipelineLogID": {
										"value": null
									},
									"SourceObjectID": {
										"value": null
									},
									"PipelineRunID": {
										"value": {
											"value": "@pipeline().RunId",
											"type": "Expression"
										}
									},
									"LoadType": {
										"value": "Job Pool Deletion"
									},
									"ObjectLoadStartDateTime": {
										"value": {
											"value": "@formatDateTime(utcnow(), 'dd-MMM-yyyy HH:mm:ss')",
											"type": "Expression"
										}
									},
									"FileName": {
										"value": null
									},
									"PipeLineName": {
										"value": {
											"value": "@pipeline().Pipeline",
											"type": "Expression"
										}
									}
								},
								"queryTimeout": "02:00:00",
								"partitionOption": "None"
							},
							"dataset": {
								"referenceName": "DS_EDMP_AzureSql_Dynamic",
								"type": "DatasetReference",
								"parameters": {}
							},
							"firstRowOnly": false
						}
					},
					{
						"name": "Update Pipeline Log",
						"description": "This activity updates pipeline log in ETLLog.PipelineLog table on successful completion of the pipeline",
						"type": "SqlServerStoredProcedure",
						"dependsOn": [
							{
								"activity": "ForEachPool",
								"dependencyConditions": [
									"Succeeded"
								]
							}
						],
						"policy": {
							"timeout": "7.00:00:00",
							"retry": 0,
							"retryIntervalInSeconds": 30,
							"secureOutput": false,
							"secureInput": false
						},
						"userProperties": [],
						"typeProperties": {
							"storedProcedureName": "[[ETLlog].[uspUpdatePipelineLog]",
							"storedProcedureParameters": {
								"PipelineLogID": {
									"value": {
										"value": "@activity('Pipeline Log Stored Procedure').output.value[0].PipelineLogID",
										"type": "Expression"
									},
									"type": "Int64"
								},
								"SourceFileProcessLogID": {
									"value": null,
									"type": "Int64"
								},
								"SourceCount": {
									"value": null,
									"type": "Int64"
								},
								"TargetCount": {
									"value": null,
									"type": "Int64"
								},
								"ErrorCount": {
									"value": null,
									"type": "Int64"
								},
								"IsLandingToRawProcessed": {
									"value": null,
									"type": "Single"
								},
								"IsRawtoStandardisedProcessed": {
									"value": null,
									"type": "Single"
								},
								"PipelineStatus": {
									"value": "Succeeded",
									"type": "String"
								},
								"SourceObjectId": {
									"value": null,
									"type": "Int64"
								},
								"SourceId": {
									"value": null,
									"type": "Int64"
								}
							}
						},
						"linkedServiceName": {
							"referenceName": "LS_EDMP_Azure_Sql",
							"type": "LinkedServiceReference"
						}
					},
					{
						"name": "WebADFDatabricksKey",
						"description": "This activity is used to get the Databricks workspace personal access token from key vault.",
						"type": "WebActivity",
						"dependsOn": [
							{
								"activity": "Get Pools To Be Deleted",
								"dependencyConditions": [
									"Succeeded"
								]
							}
						],
						"policy": {
							"timeout": "7.00:00:00",
							"retry": 0,
							"retryIntervalInSeconds": 30,
							"secureOutput": false,
							"secureInput": false
						},
						"userProperties": [],
						"typeProperties": {
							"url": {
								"value": "@concat(pipeline().parameters.DatabricksKeyUrl,'?api-version=7.0')",
								"type": "Expression"
							},
							"method": "GET",
							"headers": {},
							"authentication": {
								"type": "MSI",
								"resource": "https://vault.azure.net"
							}
						}
					},
					{
						"name": "Set Databricks Key",
						"description": "This activity sets the variable DatabricksKey based on the output of web activity.",
						"type": "SetVariable",
						"dependsOn": [
							{
								"activity": "WebADFDatabricksKey",
								"dependencyConditions": [
									"Succeeded"
								]
							}
						],
						"userProperties": [],
						"typeProperties": {
							"variableName": "DatabricksKey",
							"value": {
								"value": "@activity('WebADFDatabricksKey').output.Value",
								"type": "Expression"
							}
						}
					},
					{
						"name": "Update Pipeline Error Log",
						"description": "This activity updates pipeline log in ETLLog.PipelineLog table on failure of the pipeline",
						"type": "SqlServerStoredProcedure",
						"dependsOn": [
							{
								"activity": "ForEachPool",
								"dependencyConditions": [
									"Failed"
								]
							}
						],
						"policy": {
							"timeout": "7.00:00:00",
							"retry": 0,
							"retryIntervalInSeconds": 30,
							"secureOutput": false,
							"secureInput": false
						},
						"userProperties": [],
						"typeProperties": {
							"storedProcedureName": "[[ETLlog].[uspUpdatePipelineLog]",
							"storedProcedureParameters": {
								"Details": {
									"value": "False",
									"type": "Boolean"
								},
								"ErrorCount": {
									"value": null,
									"type": "Int64"
								},
								"IsCDCFile": {
									"value": null,
									"type": "Boolean"
								},
								"IsLandingToRawProcessed": {
									"value": null,
									"type": "Boolean"
								},
								"IsRawtoStandardisedProcessed": {
									"value": null,
									"type": "Boolean"
								},
								"PipelineLogID": {
									"value": {
										"value": "@activity('Pipeline Log Stored Procedure').output.value[0].PipelineLogID",
										"type": "Expression"
									},
									"type": "Int32"
								},
								"PipelineStatus": {
									"value": "Failed",
									"type": "String"
								},
								"RawFileStatus": {
									"value": null,
									"type": "String"
								},
								"RawPath": {
									"value": null,
									"type": "String"
								},
								"SourceCount": {
									"value": null,
									"type": "Int64"
								},
								"SourceFileProcessLogID": {
									"value": null,
									"type": "Int32"
								},
								"SourceFileStatus": {
									"value": null,
									"type": "String"
								},
								"SourceId": {
									"value": null,
									"type": "Int32"
								},
								"SourceObjectId": {
									"value": null,
									"type": "Int32"
								},
								"TargetCount": {
									"value": null,
									"type": "Int64"
								}
							}
						},
						"linkedServiceName": {
							"referenceName": "LS_EDMP_Azure_Sql",
							"type": "LinkedServiceReference"
						}
					}
				],
				"policy": {
					"elapsedTimeMetric": {},
					"cancelAfter": {}
				},
				"parameters": {
					"DatabricksWorkspaceUrl": {
						"type": "string",
						"defaultValue": "https://adb-8045677374177174.14.azuredatabricks.net/api/2.0/instance-pools/delete"
					},
					"DatabricksKeyUrl": {
						"type": "string",
						"defaultValue": "https://shared-sbx-sea-keyvault.vault.azure.net/secrets/DatabricksKey/b5179ce5743d4f83a9b965ac5f0649f8"
					}
				},
				"variables": {
					"DatabricksKey": {
						"type": "String"
					}
				},
				"folder": {
					"name": "Batch Ingestion"
				},
				"annotations": []
			},
			"dependsOn": [
				"[concat(variables('factoryId'), '/datasets/DS_EDMP_AzureSql_Dynamic')]",
				"[concat(variables('factoryId'), '/linkedServices/LS_EDMP_Azure_Sql')]"
			]
		},
		{
			"name": "[concat(parameters('factoryName'), '/PL_EDMP_BatchIngestion_GenerateControlFile')]",
			"type": "Microsoft.DataFactory/factories/pipelines",
			"apiVersion": "2018-06-01",
			"properties": {
				"description": "This pipeline look for new files from the SQL ETLLog.SourceFileProcessLog table and generates a control file on source level in intermediate zone. This control file acts as an input for LandingToRaw processing.",
				"activities": [
					{
						"name": "Look Up Source Name",
						"description": "Look up source names from SQL DB (ETLLog.SourceFileProcessLog table) which are waiting to be processed from Landing to Raw",
						"type": "Lookup",
						"dependsOn": [],
						"policy": {
							"timeout": "7.00:00:00",
							"retry": 0,
							"retryIntervalInSeconds": 30,
							"secureOutput": false,
							"secureInput": false
						},
						"userProperties": [],
						"typeProperties": {
							"source": {
								"type": "AzureSqlSource",
								"sqlReaderStoredProcedureName": "[[ETLlog].[uspGetSourceName]",
								"storedProcedureParameters": {
									"SourceFileStatus": {
										"type": "String",
										"value": "Not Processed"
									}
								},
								"queryTimeout": "02:00:00",
								"partitionOption": "None"
							},
							"dataset": {
								"referenceName": "DS_EDMP_AzureSql_Dynamic",
								"type": "DatasetReference",
								"parameters": {}
							},
							"firstRowOnly": false
						}
					},
					{
						"name": "For Each Source",
						"description": "This activity is used to loop through all the sources received from Lookup activity",
						"type": "ForEach",
						"dependsOn": [
							{
								"activity": "Look Up Source Name",
								"dependencyConditions": [
									"Succeeded"
								]
							}
						],
						"userProperties": [],
						"typeProperties": {
							"items": {
								"value": "@activity('Look Up Source Name').output.value",
								"type": "Expression"
							},
							"activities": [
								{
									"name": "Create Control File",
									"description": "Generate a control file for each source and place in intermediate zone",
									"type": "Copy",
									"dependsOn": [],
									"policy": {
										"timeout": "7.00:00:00",
										"retry": 0,
										"retryIntervalInSeconds": 30,
										"secureOutput": false,
										"secureInput": false
									},
									"userProperties": [],
									"typeProperties": {
										"source": {
											"type": "AzureSqlSource",
											"sqlReaderStoredProcedureName": "[[ETLlog].[uspGetSourceFiles]",
											"storedProcedureParameters": {
												"SourceFileStatus": {
													"type": "String",
													"value": "Not Processed"
												},
												"SourceName": {
													"type": "String",
													"value": {
														"value": "@item().Source",
														"type": "Expression"
													}
												}
											},
											"queryTimeout": "02:00:00",
											"partitionOption": "None"
										},
										"sink": {
											"type": "DelimitedTextSink",
											"storeSettings": {
												"type": "AzureBlobStorageWriteSettings"
											},
											"formatSettings": {
												"type": "DelimitedTextWriteSettings",
												"quoteAllText": true,
												"fileExtension": ".txt"
											}
										},
										"enableStaging": false,
										"translator": {
											"type": "TabularTranslator",
											"typeConversion": true,
											"typeConversionSettings": {
												"allowDataTruncation": true,
												"treatBooleanAsNumber": false
											}
										}
									},
									"inputs": [
										{
											"referenceName": "DS_EDMP_AzureSql_Dynamic",
											"type": "DatasetReference",
											"parameters": {}
										}
									],
									"outputs": [
										{
											"referenceName": "DS_EDMP_Blob_Intermediate",
											"type": "DatasetReference",
											"parameters": {
												"FolderName": {
													"value": "@item().Source",
													"type": "Expression"
												},
												"FileName": {
													"value": "@concat(item().source,'_input_',formatDateTime(utcnow(),'yyyyMMddTHHmmss'),'.csv')",
													"type": "Expression"
												}
											}
										}
									]
								}
							]
						}
					}
				],
				"policy": {
					"elapsedTimeMetric": {},
					"cancelAfter": {}
				},
				"folder": {
					"name": "Batch Ingestion"
				},
				"annotations": []
			},
			"dependsOn": [
				"[concat(variables('factoryId'), '/datasets/DS_EDMP_AzureSql_Dynamic')]",
				"[concat(variables('factoryId'), '/datasets/DS_EDMP_Blob_Intermediate')]"
			]
		},
		{
			"name": "[concat(parameters('factoryName'), '/PL_EDMP_BatchIngestion_LandingtoRaw')]",
			"type": "Microsoft.DataFactory/factories/pipelines",
			"apiVersion": "2018-06-01",
			"properties": {
				"description": "This pipeline is used to process incoming data files from landing to raw layer after processing the param & config file and performing schema evolution if required.",
				"activities": [
					{
						"name": "Pipeline Log Stored Procedure",
						"description": "This activity is used to log pipeline level log into ETLLog.PipelineLog table",
						"type": "Lookup",
						"dependsOn": [],
						"policy": {
							"timeout": "7.00:00:00",
							"retry": 0,
							"retryIntervalInSeconds": 30,
							"secureOutput": false,
							"secureInput": false
						},
						"userProperties": [],
						"typeProperties": {
							"source": {
								"type": "AzureSqlSource",
								"sqlReaderStoredProcedureName": "[[ETLlog].[uspInsertPipelineLog]",
								"storedProcedureParameters": {
									"ParentPipelineLogID": {
										"value": null
									},
									"SourceObjectID": {
										"value": null
									},
									"PipelineRunID": {
										"value": {
											"value": "@pipeline().RunId",
											"type": "Expression"
										}
									},
									"LoadType": {
										"value": "LandingToRaw"
									},
									"ObjectLoadStartDateTime": {
										"value": {
											"value": "@formatDateTime(utcnow(), 'dd-MMM-yyyy HH:mm:ss')",
											"type": "Expression"
										}
									},
									"FileName": {
										"value": {
											"value": "@pipeline().parameters.filename",
											"type": "Expression"
										}
									},
									"PipeLineName": {
										"value": {
											"value": "@pipeline().Pipeline",
											"type": "Expression"
										}
									}
								},
								"queryTimeout": "02:00:00",
								"partitionOption": "None"
							},
							"dataset": {
								"referenceName": "DS_EDMP_AzureSql_Dynamic",
								"type": "DatasetReference",
								"parameters": {}
							},
							"firstRowOnly": false
						}
					},
					{
						"name": "Get Cluster Configuration db",
						"description": "This activity is used to get cluster configuration from SQL metastore (Metadata.ClusterConfig, Metadata.PoolConfig, ETLLog.PoolConfigurationLog)",
						"type": "Lookup",
						"dependsOn": [
							{
								"activity": "Look Up Control File",
								"dependencyConditions": [
									"Succeeded"
								]
							}
						],
						"policy": {
							"timeout": "7.00:00:00",
							"retry": 0,
							"retryIntervalInSeconds": 30,
							"secureOutput": false,
							"secureInput": false
						},
						"userProperties": [],
						"typeProperties": {
							"source": {
								"type": "AzureSqlSource",
								"sqlReaderStoredProcedureName": "[[ETLlog].[uspGetProcessConfiguration]",
								"storedProcedureParameters": {
									"FileName": {
										"type": "String",
										"value": {
											"value": "@pipeline().parameters.filename",
											"type": "Expression"
										}
									},
									"SourceID": {
										"type": "Int32",
										"value": null
									},
									"SourceObjectId": {
										"type": "Int32",
										"value": null
									},
									"Type": {
										"type": "String",
										"value": "LandingToRaw"
									}
								},
								"queryTimeout": "02:00:00",
								"partitionOption": "None"
							},
							"dataset": {
								"referenceName": "DS_EDMP_AzureSql_Dynamic",
								"type": "DatasetReference",
								"parameters": {}
							},
							"firstRowOnly": true
						}
					},
					{
						"name": "Master Notebook",
						"description": "This activity calls Databricks notebook (batch_ingestion_landing_to_raw) for processing data from landing to raw zone.",
						"type": "DatabricksNotebook",
						"dependsOn": [
							{
								"activity": "Get SPN Password",
								"dependencyConditions": [
									"Succeeded"
								]
							}
						],
						"policy": {
							"timeout": "7.00:00:00",
							"retry": 0,
							"retryIntervalInSeconds": 30,
							"secureOutput": false,
							"secureInput": false
						},
						"userProperties": [],
						"typeProperties": {
							"notebookPath": "/Shared/FinalNotebooks/batch_ingestion_landing_to_raw",
							"baseParameters": {
								"source_file_metadata": {
									"value": "@string(activity('Look Up Control File').output.value)",
									"type": "Expression"
								},
								"adls_account_name": {
									"value": "@variables('adls_account_name')",
									"type": "Expression"
								},
								"config_path": {
									"value": "@pipeline().parameters.ConfigFileName",
									"type": "Expression"
								},
								"kv_name": {
									"value": "@variables('kv_name')",
									"type": "Expression"
								},
								"spn_id": {
									"value": "@variables('spn_id')",
									"type": "Expression"
								},
								"tenant_id": {
									"value": "@variables('tenant_id')",
									"type": "Expression"
								},
								"spn_password": {
									"value": "@variables('spn_password')",
									"type": "Expression"
								}
							},
							"libraries": [
								{
									"maven": {
										"coordinates": "com.databricks:spark-xml_2.12:0.12.0"
									}
								},
								{
									"maven": {
										"coordinates": "com.ibm.informix:odbc:4.10.10"
									}
								},
								{
									"pypi": {
										"package": "pyodbc"
									}
								},
								{
									"maven": {
										"coordinates": "com.github.gslowikowski:spark-xml-extensions:1.0.0"
									}
								},
								{
									"maven": {
										"coordinates": "com.microsoft.azure:spark-mssql-connector:1.0.1"
									}
								},
								{
									"maven": {
										"coordinates": "com.microsoft.azure:spark-mssql-connector_2.12_3.0:1.0.0-alpha"
									}
								},
								{
									"maven": {
										"coordinates": "com.microsoft.azure:azure-eventhubs-spark_2.12:2.3.18"
									}
								},
								{
									"whl": "dbfs:/edm-_Build.BuildNumber_-py3-none-any.whl"
								},
								{
									"jar": "dbfs:/pepsparkDBR_3.0.1_7.2.0.17.RC_pty.jar"
								},
								{
									"jar": "dbfs:/pephiveDBR_2.3.7_7.2.0.17.RC_pty.jar"
								},
								{
									"pypi": {
										"package": "azure-identity==1.2.0"
									}
								},
								{
									"pypi": {
										"package": "azure-keyvault==1.1.0"
									}
								},
								{
									"pypi": {
										"package": "azure-keyvault-secrets==4.0.1"
									}
								},
								{
									"pypi": {
										"package": "dotted"
									}
								},
								{
									"pypi": {
										"package": "opencensus-ext-azure==1.0.2"
									}
								},
								{
									"pypi": {
										"package": "xmltodict==0.12.0"
									}
								}
							]
						},
						"linkedServiceName": {
							"referenceName": "LS_EDMP_Adbk_BatchIngestion_ExistingInstancePool",
							"type": "LinkedServiceReference",
							"parameters": {
								"InstancePoolId": {
									"value": "@activity('Get Cluster Configuration db').output.firstRow.InstancePoolId",
									"type": "Expression"
								},
								"ClusterVersion": {
									"value": "@activity('Get Cluster Configuration db').output.firstRow.ClusterVersion",
									"type": "Expression"
								},
								"WorkerOptions": {
									"value": "@activity('Get Cluster Configuration db').output.firstRow.WorkerNode",
									"type": "Expression"
								},
								"ProjectCode": {
									"value": "@activity('Get Cluster Configuration db').output.firstRow.ProjectCode",
									"type": "Expression"
								},
								"SpnPassword": {
									"value": "@activity('Get SPN Password').output.value",
									"type": "Expression"
								}
							}
						}
					},
					{
						"name": "Insert Activity Error log",
						"description": "This activity is used to update logs for Databricks activity in SQL DB (ETLLog.PipelineETLActivityLog) in case of failure",
						"type": "SqlServerStoredProcedure",
						"dependsOn": [
							{
								"activity": "Master Notebook",
								"dependencyConditions": [
									"Failed"
								]
							}
						],
						"policy": {
							"timeout": "7.00:00:00",
							"retry": 0,
							"retryIntervalInSeconds": 30,
							"secureOutput": false,
							"secureInput": false
						},
						"userProperties": [],
						"typeProperties": {
							"storedProcedureName": "[[ETLlog].[uspInsertPipelineActivityErrorLog]",
							"storedProcedureParameters": {
								"Details": {
									"value": "False",
									"type": "Boolean"
								},
								"ErrorMessage": {
									"value": "Landing To Raw Failed",
									"type": "String"
								},
								"IsLandingToRawProcessed": {
									"value": null,
									"type": "Boolean"
								},
								"IsRawtoStandardisedProcessed": {
									"value": null,
									"type": "Boolean"
								},
								"PipelineActivityLogID": {
									"value": {
										"value": "@activity('Insert Master Notebook Activity Log').output.firstRow.PipelineActivityLogID",
										"type": "Expression"
									},
									"type": "Int32"
								},
								"PipelineLogID": {
									"value": null,
									"type": "Int32"
								},
								"SoucreFileProcessLogID": {
									"value": null,
									"type": "Int32"
								}
							}
						},
						"linkedServiceName": {
							"referenceName": "LS_EDMP_Azure_Sql",
							"type": "LinkedServiceReference"
						}
					},
					{
						"name": "Update Activity Log",
						"description": "This activity is used to update logs for Databricks activity in SQL DB (ETLLog.PipelineETLActivityLog) for success",
						"type": "SqlServerStoredProcedure",
						"dependsOn": [
							{
								"activity": "Master Notebook",
								"dependencyConditions": [
									"Succeeded"
								]
							}
						],
						"policy": {
							"timeout": "7.00:00:00",
							"retry": 0,
							"retryIntervalInSeconds": 30,
							"secureOutput": false,
							"secureInput": false
						},
						"userProperties": [],
						"typeProperties": {
							"storedProcedureName": "[[ETLlog].[uspUpdatePipelineEtlActivityLog]",
							"storedProcedureParameters": {
								"ActivityStatus": {
									"value": "Success",
									"type": "String"
								},
								"PipelineActivityLogID": {
									"value": {
										"value": "@activity('Insert Master Notebook Activity Log').output.firstRow.PipelineActivityLogID",
										"type": "Expression"
									},
									"type": "Int32"
								}
							}
						},
						"linkedServiceName": {
							"referenceName": "LS_EDMP_Azure_Sql",
							"type": "LinkedServiceReference"
						}
					},
					{
						"name": "Lookup Config File",
						"description": "This activity is used to look up config file to get environment specific details",
						"type": "Lookup",
						"dependsOn": [
							{
								"activity": "Get Cluster Configuration db",
								"dependencyConditions": [
									"Succeeded"
								]
							}
						],
						"policy": {
							"timeout": "7.00:00:00",
							"retry": 0,
							"retryIntervalInSeconds": 30,
							"secureOutput": false,
							"secureInput": false
						},
						"userProperties": [],
						"typeProperties": {
							"source": {
								"type": "JsonSource",
								"storeSettings": {
									"type": "AzureBlobFSReadSettings",
									"recursive": true,
									"enablePartitionDiscovery": false
								},
								"formatSettings": {
									"type": "JsonReadSettings"
								}
							},
							"dataset": {
								"referenceName": "DS_EDMP_Adls_EnvConfig",
								"type": "DatasetReference",
								"parameters": {
									"FileSystem": {
										"value": "@pipeline().parameters.ConfigFileSystem",
										"type": "Expression"
									},
									"ConfigFileName": {
										"value": "@pipeline().parameters.ConfigFileName",
										"type": "Expression"
									}
								}
							},
							"firstRowOnly": false
						}
					},
					{
						"name": "Set SPN ID",
						"description": "This activity is used to set SPN ID received from config file",
						"type": "SetVariable",
						"dependsOn": [
							{
								"activity": "Lookup Config File",
								"dependencyConditions": [
									"Succeeded"
								]
							}
						],
						"userProperties": [],
						"typeProperties": {
							"variableName": "spn_id",
							"value": {
								"value": "@activity('Lookup Config File').output.value[0]['spn_credentials']['spn_id']",
								"type": "Expression"
							}
						}
					},
					{
						"name": "Set Tenant ID",
						"description": "This activity is used to set Tenant ID received from config file",
						"type": "SetVariable",
						"dependsOn": [
							{
								"activity": "Lookup Config File",
								"dependencyConditions": [
									"Succeeded"
								]
							}
						],
						"userProperties": [],
						"typeProperties": {
							"variableName": "tenant_id",
							"value": {
								"value": "@activity('Lookup Config File').output.value[0]['tenant_id']",
								"type": "Expression"
							}
						}
					},
					{
						"name": "Set Keyvault name",
						"description": "This activity is used to set Key vault name received from config file",
						"type": "SetVariable",
						"dependsOn": [
							{
								"activity": "Lookup Config File",
								"dependencyConditions": [
									"Succeeded"
								]
							}
						],
						"userProperties": [],
						"typeProperties": {
							"variableName": "kv_name",
							"value": {
								"value": "@activity('Lookup Config File').output.value[0]['keyvault']['name']",
								"type": "Expression"
							}
						}
					},
					{
						"name": "Set ADLS Account Name",
						"description": "This activity is used to set ADLS account name received from config file",
						"type": "SetVariable",
						"dependsOn": [
							{
								"activity": "Lookup Config File",
								"dependencyConditions": [
									"Succeeded"
								]
							}
						],
						"userProperties": [],
						"typeProperties": {
							"variableName": "adls_account_name",
							"value": {
								"value": "@activity('Lookup Config File').output.value[0]['adls_details']['name']",
								"type": "Expression"
							}
						}
					},
					{
						"name": "Look Up Control File",
						"description": "This activity is used to look up control file from intermediate zone which is generated from GenerateControlFile pipeline.",
						"type": "Lookup",
						"dependsOn": [
							{
								"activity": "Pipeline Log Stored Procedure",
								"dependencyConditions": [
									"Succeeded"
								]
							}
						],
						"policy": {
							"timeout": "7.00:00:00",
							"retry": 0,
							"retryIntervalInSeconds": 30,
							"secureOutput": false,
							"secureInput": false
						},
						"userProperties": [],
						"typeProperties": {
							"source": {
								"type": "DelimitedTextSource",
								"storeSettings": {
									"type": "AzureBlobStorageReadSettings",
									"recursive": true,
									"enablePartitionDiscovery": false
								},
								"formatSettings": {
									"type": "DelimitedTextReadSettings"
								}
							},
							"dataset": {
								"referenceName": "DS_EDMP_Blob_Intermediate",
								"type": "DatasetReference",
								"parameters": {
									"FolderName": {
										"value": "@split(pipeline().parameters.filepath, '/')[1]",
										"type": "Expression"
									},
									"FileName": {
										"value": "@pipeline().parameters.filename",
										"type": "Expression"
									}
								}
							},
							"firstRowOnly": false
						}
					},
					{
						"name": "Insert Master Notebook Activity Log",
						"description": "This activity is used to Insert log for databricks activity in ETLLog.PIpelineETLActivityLog table",
						"type": "Lookup",
						"dependsOn": [
							{
								"activity": "Set SPN ID",
								"dependencyConditions": [
									"Succeeded"
								]
							},
							{
								"activity": "Set Tenant ID",
								"dependencyConditions": [
									"Succeeded"
								]
							},
							{
								"activity": "Set Keyvault name",
								"dependencyConditions": [
									"Succeeded"
								]
							},
							{
								"activity": "Set ADLS Account Name",
								"dependencyConditions": [
									"Succeeded"
								]
							}
						],
						"policy": {
							"timeout": "7.00:00:00",
							"retry": 0,
							"retryIntervalInSeconds": 30,
							"secureOutput": false,
							"secureInput": false
						},
						"userProperties": [],
						"typeProperties": {
							"source": {
								"type": "AzureSqlSource",
								"sqlReaderStoredProcedureName": "[[ETLlog].[uspInsertPipelineEtlActivityLog]",
								"storedProcedureParameters": {
									"ActivityName": {
										"type": "String",
										"value": "Master Notebook"
									},
									"ActivityType": {
										"type": "String",
										"value": "Databricks"
									},
									"PipelineLogID": {
										"type": "Int32",
										"value": {
											"value": "@activity('Pipeline Log Stored Procedure').output.value[0].PipelineLogID",
											"type": "Expression"
										}
									},
									"SourceObjectID": {
										"type": "Int32",
										"value": null
									}
								},
								"queryTimeout": "02:00:00",
								"partitionOption": "None"
							},
							"dataset": {
								"referenceName": "DS_EDMP_AzureSql_Dynamic",
								"type": "DatasetReference",
								"parameters": {}
							}
						}
					},
					{
						"name": "Update Pipeline Log",
						"description": "This activity updates pipeline log in ETLLog.PipelineLog table on successful completion of the pipeline",
						"type": "SqlServerStoredProcedure",
						"dependsOn": [
							{
								"activity": "Update Activity Log",
								"dependencyConditions": [
									"Succeeded"
								]
							}
						],
						"policy": {
							"timeout": "7.00:00:00",
							"retry": 0,
							"retryIntervalInSeconds": 30,
							"secureOutput": false,
							"secureInput": false
						},
						"userProperties": [],
						"typeProperties": {
							"storedProcedureName": "[[ETLlog].[uspUpdatePipelineLog]",
							"storedProcedureParameters": {
								"Details": {
									"value": "False",
									"type": "Boolean"
								},
								"ErrorCount": {
									"value": null,
									"type": "Int64"
								},
								"IsCDCFile": {
									"value": null,
									"type": "Boolean"
								},
								"IsLandingToRawProcessed": {
									"value": null,
									"type": "Boolean"
								},
								"IsRawtoStandardisedProcessed": {
									"value": null,
									"type": "Boolean"
								},
								"PipelineLogID": {
									"value": {
										"value": "@activity('Pipeline Log Stored Procedure').output.value[0].PipelineLogID",
										"type": "Expression"
									},
									"type": "Int32"
								},
								"PipelineStatus": {
									"value": "Success",
									"type": "String"
								},
								"RawFileStatus": {
									"value": null,
									"type": "String"
								},
								"RawPath": {
									"value": null,
									"type": "String"
								},
								"SourceCount": {
									"value": null,
									"type": "Int64"
								},
								"SourceFileProcessLogID": {
									"value": null,
									"type": "Int32"
								},
								"SourceFileStatus": {
									"value": null,
									"type": "String"
								},
								"SourceId": {
									"value": null,
									"type": "Int32"
								},
								"SourceObjectId": {
									"value": null,
									"type": "Int32"
								},
								"TargetCount": {
									"value": null,
									"type": "Int64"
								}
							}
						},
						"linkedServiceName": {
							"referenceName": "LS_EDMP_Azure_Sql",
							"type": "LinkedServiceReference"
						}
					},
					{
						"name": "Update Pipeline Error Log",
						"description": "This activity updates pipeline log in ETLLog.PipelineLog table on failure of the pipeline",
						"type": "SqlServerStoredProcedure",
						"dependsOn": [
							{
								"activity": "Insert Activity Error log",
								"dependencyConditions": [
									"Succeeded"
								]
							}
						],
						"policy": {
							"timeout": "7.00:00:00",
							"retry": 0,
							"retryIntervalInSeconds": 30,
							"secureOutput": false,
							"secureInput": false
						},
						"userProperties": [],
						"typeProperties": {
							"storedProcedureName": "[[ETLlog].[uspUpdatePipelineLog]",
							"storedProcedureParameters": {
								"Details": {
									"value": "False",
									"type": "Boolean"
								},
								"ErrorCount": {
									"value": null,
									"type": "Int64"
								},
								"IsCDCFile": {
									"value": null,
									"type": "Boolean"
								},
								"IsLandingToRawProcessed": {
									"value": null,
									"type": "Boolean"
								},
								"IsRawtoStandardisedProcessed": {
									"value": null,
									"type": "Boolean"
								},
								"PipelineLogID": {
									"value": {
										"value": "@activity('Pipeline Log Stored Procedure').output.value[0].PipelineLogID",
										"type": "Expression"
									},
									"type": "Int32"
								},
								"PipelineStatus": {
									"value": "Failed",
									"type": "String"
								},
								"RawFileStatus": {
									"value": null,
									"type": "String"
								},
								"RawPath": {
									"value": null,
									"type": "String"
								},
								"SourceCount": {
									"value": null,
									"type": "Int64"
								},
								"SourceFileProcessLogID": {
									"value": null,
									"type": "Int32"
								},
								"SourceFileStatus": {
									"value": null,
									"type": "String"
								},
								"SourceId": {
									"value": null,
									"type": "Int32"
								},
								"SourceObjectId": {
									"value": null,
									"type": "Int32"
								},
								"TargetCount": {
									"value": null,
									"type": "Int64"
								}
							}
						},
						"linkedServiceName": {
							"referenceName": "LS_EDMP_Azure_Sql",
							"type": "LinkedServiceReference"
						}
					},
					{
						"name": "Get SPN Password",
						"description": "This activity is used to get SPN password from key vault which is used to set the environmental variable in Databricks cluster",
						"type": "WebActivity",
						"dependsOn": [
							{
								"activity": "Insert Master Notebook Activity Log",
								"dependencyConditions": [
									"Succeeded"
								]
							}
						],
						"policy": {
							"timeout": "7.00:00:00",
							"retry": 0,
							"retryIntervalInSeconds": 30,
							"secureOutput": false,
							"secureInput": false
						},
						"userProperties": [],
						"typeProperties": {
							"url": {
								"value": "@concat(activity('Lookup Config File').output.value[0]['spn_credentials']['spn_key_url'],'?api-version=7.0')",
								"type": "Expression"
							},
							"method": "GET",
							"headers": {},
							"authentication": {
								"type": "MSI",
								"resource": "https://vault.azure.net"
							}
						}
					}
				],
				"policy": {
					"elapsedTimeMetric": {},
					"cancelAfter": {}
				},
				"parameters": {
					"filename": {
						"type": "string",
						"defaultValue": "hog_input_20210728T082017.csv"
					},
					"filepath": {
						"type": "string",
						"defaultValue": "intermediate/hog"
					},
					"ConfigFileName": {
						"type": "string",
						"defaultValue": "scb_env_config.json"
					},
					"ConfigFileSystem": {
						"type": "string",
						"defaultValue": "raw"
					},
					"FrequencyDurationUnit": {
						"type": "string",
						"defaultValue": "Day"
					}
				},
				"variables": {
					"spn_id": {
						"type": "String"
					},
					"tenant_id": {
						"type": "String"
					},
					"kv_name": {
						"type": "String"
					},
					"adls_account_name": {
						"type": "String"
					},
					"spn_password": {
						"type": "String"
					}
				},
				"folder": {
					"name": "Batch Ingestion"
				},
				"annotations": []
			},
			"dependsOn": [
				"[concat(variables('factoryId'), '/datasets/DS_EDMP_AzureSql_Dynamic')]",
				"[concat(variables('factoryId'), '/linkedServices/LS_EDMP_Adbk_BatchIngestion_ExistingInstancePool')]",
				"[concat(variables('factoryId'), '/linkedServices/LS_EDMP_Azure_Sql')]",
				"[concat(variables('factoryId'), '/datasets/DS_EDMP_Adls_EnvConfig')]",
				"[concat(variables('factoryId'), '/datasets/DS_EDMP_Blob_Intermediate')]"
			]
		}
	]
}