{
	"$schema": "http://schema.management.azure.com/schemas/2015-01-01/deploymentTemplate.json#",
	"contentVersion": "1.0.0.0",
	"parameters": {
		"factoryName": {
			"type": "string",
			"metadata": "Data Factory name",
			"defaultValue": "edm-sbx-sea-adf"
		},
		"TR_Landing_Raw_properties_PL_EDM_BatchIngestion_LandingtoRaw_parameters_filename": {
			"type": "string",
			"defaultValue": "@triggerBody().fileName"
		},
		"TR_Landing_Raw_properties_PL_EDM_BatchIngestion_LandingtoRaw_parameters_filepath": {
			"type": "string",
			"defaultValue": "@triggerBody().folderPath"
		},
		"TR_Landing_Raw_properties_typeProperties_scope": {
			"type": "string",
			"defaultValue": "/subscriptions/e87cf38c-8f6f-4cb2-a8ec-886a94bc28d5/resourceGroups/edm-sbx-sea-rg/providers/Microsoft.Storage/storageAccounts/edmsbxsealandsa"
		},
		"TR_Process_Landing_Files_properties_PL_EDM_BatchIngestion_ProcessLandingFiles_parameters_FilePath": {
			"type": "string",
			"defaultValue": "@triggerBody().folderPath"
		},
		"TR_Process_Landing_Files_properties_PL_EDM_BatchIngestion_ProcessLandingFiles_parameters_FileName": {
			"type": "string",
			"defaultValue": "@triggerBody().fileName"
		},
		"TR_Process_Landing_Files_properties_typeProperties_scope": {
			"type": "string",
			"defaultValue": "/subscriptions/e87cf38c-8f6f-4cb2-a8ec-886a94bc28d5/resourceGroups/edm-sbx-sea-rg/providers/Microsoft.Storage/storageAccounts/edmsbxsealandsa"
		},
		"TR_Raw_Standardized_properties_PL_EDM_BatchIngestion_RawToStandardized_parameters_FrequencyDurationUnit": {
			"type": "string",
			"defaultValue": "Day"
		},
		"TR_Raw_Standardized_properties_PL_EDM_BatchIngestion_RawToStandardized_parameters_ConfigFileSystem": {
			"type": "string",
			"defaultValue": "raw"
		},
		"TR_Raw_Standardized_properties_PL_EDM_BatchIngestion_RawToStandardized_parameters_ConfigFileName": {
			"type": "string",
			"defaultValue": "scb_env_config.json"
		}
	},
	"variables": {
		"factoryId": "[concat('Microsoft.DataFactory/factories/', parameters('factoryName'))]"
	},
	"resources": [
		{
			"name": "[concat(parameters('factoryName'), '/TR_Landing_Raw')]",
			"type": "Microsoft.DataFactory/factories/triggers",
			"apiVersion": "2018-06-01",
			"properties": {
				"description": "Trigger to initiate landing to raw processing based on control file",
				"annotations": [],
				"runtimeState": "Stopped",
				"pipelines": [
					{
						"pipelineReference": {
							"referenceName": "PL_EDM_BatchIngestion_LandingtoRaw",
							"type": "PipelineReference"
						},
						"parameters": {
							"filename": "[parameters('TR_Landing_Raw_properties_PL_EDM_BatchIngestion_LandingtoRaw_parameters_filename')]",
							"filepath": "[parameters('TR_Landing_Raw_properties_PL_EDM_BatchIngestion_LandingtoRaw_parameters_filepath')]"
						}
					}
				],
				"type": "BlobEventsTrigger",
				"typeProperties": {
					"blobPathBeginsWith": "/intermediate/blobs/",
					"ignoreEmptyBlobs": false,
					"scope": "[parameters('TR_Landing_Raw_properties_typeProperties_scope')]",
					"events": [
						"Microsoft.Storage.BlobCreated"
					]
				}
			},
			"dependsOn": []
		},
		{
			"name": "[concat(parameters('factoryName'), '/TR_Process_Landing_Files')]",
			"type": "Microsoft.DataFactory/factories/triggers",
			"apiVersion": "2018-06-01",
			"properties": {
				"description": "Trigger to read landing files as and when they arrive in the storage",
				"annotations": [],
				"runtimeState": "Stopped",
				"pipelines": [
					{
						"pipelineReference": {
							"referenceName": "PL_EDM_BatchIngestion_ProcessLandingFiles",
							"type": "PipelineReference"
						},
						"parameters": {
							"FilePath": "[parameters('TR_Process_Landing_Files_properties_PL_EDM_BatchIngestion_ProcessLandingFiles_parameters_FilePath')]",
							"FileName": "[parameters('TR_Process_Landing_Files_properties_PL_EDM_BatchIngestion_ProcessLandingFiles_parameters_FileName')]"
						}
					}
				],
				"type": "BlobEventsTrigger",
				"typeProperties": {
					"blobPathBeginsWith": "/incoming/blobs/data",
					"ignoreEmptyBlobs": false,
					"scope": "[parameters('TR_Process_Landing_Files_properties_typeProperties_scope')]",
					"events": [
						"Microsoft.Storage.BlobCreated"
					]
				}
			},
			"dependsOn": []
		},
		{
			"name": "[concat(parameters('factoryName'), '/TR_Raw_Standardized')]",
			"type": "Microsoft.DataFactory/factories/triggers",
			"apiVersion": "2018-06-01",
			"properties": {
				"description": "Trigger to execute raw to standardized pipeline",
				"annotations": [],
				"runtimeState": "Stopped",
				"pipelines": [
					{
						"pipelineReference": {
							"referenceName": "PL_EDM_BatchIngestion_RawToStandardized",
							"type": "PipelineReference"
						},
						"parameters": {
							"FrequencyDurationUnit": "[parameters('TR_Raw_Standardized_properties_PL_EDM_BatchIngestion_RawToStandardized_parameters_FrequencyDurationUnit')]",
							"ConfigFileSystem": "[parameters('TR_Raw_Standardized_properties_PL_EDM_BatchIngestion_RawToStandardized_parameters_ConfigFileSystem')]",
							"ConfigFileName": "[parameters('TR_Raw_Standardized_properties_PL_EDM_BatchIngestion_RawToStandardized_parameters_ConfigFileName')]"
						}
					}
				],
				"type": "ScheduleTrigger",
				"typeProperties": {
					"recurrence": {
						"frequency": "Minute",
						"interval": 5,
						"startTime": "2021-07-30T10:40:00Z",
						"timeZone": "UTC"
					}
				}
			},
			"dependsOn": []
		}
	]
}